gene,sample,expression,organism,age,sex,infection,strain,time,tissue,mouse,ENTREZID,product,ensembl_gene_id,external_synonym,chromosome_name,gene_biotype,phenotype_description,hsapiens_homolog_associated_gene_name,expression_log
Fbln5,GSM2545336,1589,Mus musculus,8,Female,InfluenzaA,C57BL/6,8,Cerebellum,14,23876,fibulin 5,ENSMUSG00000021186,EVEC,12,protein_coding,abnormal aorta elastic fiber morphology,FBLN5,10.634811050171718
Tssk5,GSM2545336,368,Mus musculus,8,Female,InfluenzaA,C57BL/6,8,Cerebellum,14,73542,testis-specific serine kinase 5,ENSMUSG00000060794,1700091F14Rik,15,protein_coding,decreased leukocyte cell number,NA,8.527477006060396
Pla2g3,GSM2545336,515,Mus musculus,8,Female,InfluenzaA,C57BL/6,8,Cerebellum,14,237625,"phospholipase A2, group III, transcript variant X2",ENSMUSG00000034579,9130003P18Rik,11,protein_coding,abnormal acrosome morphology,PLA2G3,9.011227255423254
Vmn2r1,GSM2545336,116,Mus musculus,8,Female,InfluenzaA,C57BL/6,8,Cerebellum,14,56544,"vomeronasal 2, receptor 1, transcript variant X1",ENSMUSG00000027824,EG56544,3,protein_coding,abnormal vomeronasal organ morphology,NA,6.870364719583405
Ncmap,GSM2545336,143,Mus musculus,8,Female,InfluenzaA,C57BL/6,8,Cerebellum,14,230822,"noncompact myelin associated protein, transcript variant 1",ENSMUSG00000043924,A330049M08Rik,4,protein_coding,NA,NCMAP,7.169925001442312
Sult1a1,GSM2545336,1658,Mus musculus,8,Female,InfluenzaA,C57BL/6,8,Cerebellum,14,20887,"sulfotransferase family 1A, phenol-preferring, member 1, transcript variant X1",ENSMUSG00000030711,PST,7,protein_coding,abnormal blood homeostasis,NA,10.696098170955864
Aipl1,GSM2545336,91,Mus musculus,8,Female,InfluenzaA,C57BL/6,8,Cerebellum,14,114230,"aryl hydrocarbon receptor-interacting protein-like 1, transcript variant X5",ENSMUSG00000040554,A930007I01Rik,11,protein_coding,abnormal Muller cell morphology,AIPL1,6.523561956057013
Gbp4,GSM2545336,816,Mus musculus,8,Female,InfluenzaA,C57BL/6,8,Cerebellum,14,17472,"guanylate binding protein 4, transcript variant X6",ENSMUSG00000079363,Mag-2,5,protein_coding,decreased circulating alkaline phosphatase level,GBP6,9.674192268145683
Pla2g4e,GSM2545336,1064,Mus musculus,8,Female,InfluenzaA,C57BL/6,8,Cerebellum,14,329502,"phospholipase A2, group IVE, transcript variant X4",ENSMUSG00000050211,2310026J01Rik,2,protein_coding,abnormal coat appearance,PLA2G4E,10.056637715113201
Chil3,GSM2545336,111,Mus musculus,8,Female,InfluenzaA,C57BL/6,8,Cerebellum,14,12655,chitinase-like 3,ENSMUSG00000040809,Chi3l3,3,protein_coding,NA,CHIA,6.807354922057604
Gm20751,GSM2545336,240,Mus musculus,8,Female,InfluenzaA,C57BL/6,8,Cerebellum,14,622552,"predicted gene, 20751",ENSMUSG00000110016,NA,13,lncRNA,NA,NA,7.912889336229962
Cirbp,GSM2545336,7079,Mus musculus,8,Female,InfluenzaA,C57BL/6,8,Cerebellum,14,12696,"cold inducible RNA binding protein, transcript variant X2",ENSMUSG00000045193,Cirp,10,protein_coding,abnormal cell cycle,CIRBP,12.78953364497036
Slc17a9,GSM2545336,66,Mus musculus,8,Female,InfluenzaA,C57BL/6,8,Cerebellum,14,228993,"solute carrier family 17, member 9, transcript variant X4",ENSMUSG00000023393,1700019H03Rik,2,protein_coding,abnormal eye morphology,SLC17A9,6.066089190457772
Tac4,GSM2545336,45,Mus musculus,8,Female,InfluenzaA,C57BL/6,8,Cerebellum,14,93670,tachykinin 4,ENSMUSG00000020872,hemokinin I (HK-1),11,protein_coding,increased pro-B cell number,TAC4,5.523561956057013
Prr15,GSM2545336,90,Mus musculus,8,Female,InfluenzaA,C57BL/6,8,Cerebellum,14,78004,proline rich 15,ENSMUSG00000045725,E130201N16Rik,6,protein_coding,NA,PRR15,6.507794640198696
Bst1,GSM2545336,54,Mus musculus,8,Female,InfluenzaA,C57BL/6,8,Cerebellum,14,12182,"bone marrow stromal cell antigen 1, transcript variant X1",ENSMUSG00000029082,114/A10,5,protein_coding,abnormal B cell physiology,BST1,5.78135971352466
Plin4,GSM2545336,2284,Mus musculus,8,Female,InfluenzaA,C57BL/6,8,Cerebellum,14,57435,"perilipin 4, transcript variant X5",ENSMUSG00000002831,S3-12,17,protein_coding,abnormal auditory brainstem response,PLIN4,11.157978449945432
Acr,GSM2545336,165,Mus musculus,8,Female,InfluenzaA,C57BL/6,8,Cerebellum,14,11434,"acrosin prepropeptide, transcript variant X2",ENSMUSG00000022622,preproacrosin,15,protein_coding,delayed fertilization,ACR,7.3750394313469245
Gpx3,GSM2545336,1045,Mus musculus,8,Female,InfluenzaA,C57BL/6,8,Cerebellum,14,14778,glutathione peroxidase 3,ENSMUSG00000018339,EGPx,11,protein_coding,prenatal lethality prior to heart atrial septation,GPX3,10.030667136246942
Vsx2,GSM2545336,25,Mus musculus,8,Female,InfluenzaA,C57BL/6,8,Cerebellum,14,12677,"visual system homeobox 2, transcript variant 1",ENSMUSG00000021239,Chx10,12,protein_coding,Harderian gland hypertrophy,VSX2,4.700439718141092
Fbln5,GSM2545337,432,Mus musculus,8,Female,NonInfected,C57BL/6,0,Cerebellum,9,23876,fibulin 5,ENSMUSG00000021186,EVEC,12,protein_coding,abnormal aorta elastic fiber morphology,FBLN5,8.758223214726724
Tssk5,GSM2545337,64,Mus musculus,8,Female,NonInfected,C57BL/6,0,Cerebellum,9,73542,testis-specific serine kinase 5,ENSMUSG00000060794,1700091F14Rik,15,protein_coding,decreased leukocyte cell number,NA,6.022367813028454
Pla2g3,GSM2545337,109,Mus musculus,8,Female,NonInfected,C57BL/6,0,Cerebellum,9,237625,"phospholipase A2, group III, transcript variant X2",ENSMUSG00000034579,9130003P18Rik,11,protein_coding,abnormal acrosome morphology,PLA2G3,6.78135971352466
Vmn2r1,GSM2545337,36,Mus musculus,8,Female,NonInfected,C57BL/6,0,Cerebellum,9,56544,"vomeronasal 2, receptor 1, transcript variant X1",ENSMUSG00000027824,EG56544,3,protein_coding,abnormal vomeronasal organ morphology,NA,5.20945336562895
Ncmap,GSM2545337,37,Mus musculus,8,Female,NonInfected,C57BL/6,0,Cerebellum,9,230822,"noncompact myelin associated protein, transcript variant 1",ENSMUSG00000043924,A330049M08Rik,4,protein_coding,NA,NCMAP,5.247927513443585
Sult1a1,GSM2545337,564,Mus musculus,8,Female,NonInfected,C57BL/6,0,Cerebellum,9,20887,"sulfotransferase family 1A, phenol-preferring, member 1, transcript variant X1",ENSMUSG00000030711,PST,7,protein_coding,abnormal blood homeostasis,NA,9.14210705730255
Aipl1,GSM2545337,8,Mus musculus,8,Female,NonInfected,C57BL/6,0,Cerebellum,9,114230,"aryl hydrocarbon receptor-interacting protein-like 1, transcript variant X5",ENSMUSG00000040554,A930007I01Rik,11,protein_coding,abnormal Muller cell morphology,AIPL1,3.169925001442312
Gbp4,GSM2545337,108,Mus musculus,8,Female,NonInfected,C57BL/6,0,Cerebellum,9,17472,"guanylate binding protein 4, transcript variant X6",ENSMUSG00000079363,Mag-2,5,protein_coding,decreased circulating alkaline phosphatase level,GBP6,6.768184324776926
Pla2g4e,GSM2545337,260,Mus musculus,8,Female,NonInfected,C57BL/6,0,Cerebellum,9,329502,"phospholipase A2, group IVE, transcript variant X4",ENSMUSG00000050211,2310026J01Rik,2,protein_coding,abnormal coat appearance,PLA2G4E,8.027905996569885
Chil3,GSM2545337,25,Mus musculus,8,Female,NonInfected,C57BL/6,0,Cerebellum,9,12655,chitinase-like 3,ENSMUSG00000040809,Chi3l3,3,protein_coding,NA,CHIA,4.700439718141092
Gm20751,GSM2545337,51,Mus musculus,8,Female,NonInfected,C57BL/6,0,Cerebellum,9,622552,"predicted gene, 20751",ENSMUSG00000110016,NA,13,lncRNA,NA,NA,5.700439718141092
Cirbp,GSM2545337,1652,Mus musculus,8,Female,NonInfected,C57BL/6,0,Cerebellum,9,12696,"cold inducible RNA binding protein, transcript variant X2",ENSMUSG00000045193,Cirp,10,protein_coding,abnormal cell cycle,CIRBP,10.690871009292314
Slc17a9,GSM2545337,12,Mus musculus,8,Female,NonInfected,C57BL/6,0,Cerebellum,9,228993,"solute carrier family 17, member 9, transcript variant X4",ENSMUSG00000023393,1700019H03Rik,2,protein_coding,abnormal eye morphology,SLC17A9,3.700439718141092
Tac4,GSM2545337,14,Mus musculus,8,Female,NonInfected,C57BL/6,0,Cerebellum,9,93670,tachykinin 4,ENSMUSG00000020872,hemokinin I (HK-1),11,protein_coding,increased pro-B cell number,TAC4,3.9068905956085187
Prr15,GSM2545337,30,Mus musculus,8,Female,NonInfected,C57BL/6,0,Cerebellum,9,78004,proline rich 15,ENSMUSG00000045725,E130201N16Rik,6,protein_coding,NA,PRR15,4.954196310386875
Bst1,GSM2545337,6,Mus musculus,8,Female,NonInfected,C57BL/6,0,Cerebellum,9,12182,"bone marrow stromal cell antigen 1, transcript variant X1",ENSMUSG00000029082,114/A10,5,protein_coding,abnormal B cell physiology,BST1,2.807354922057604
Plin4,GSM2545337,448,Mus musculus,8,Female,NonInfected,C57BL/6,0,Cerebellum,9,57435,"perilipin 4, transcript variant X5",ENSMUSG00000002831,S3-12,17,protein_coding,abnormal auditory brainstem response,PLIN4,8.810571634741146
Acr,GSM2545337,26,Mus musculus,8,Female,NonInfected,C57BL/6,0,Cerebellum,9,11434,"acrosin prepropeptide, transcript variant X2",ENSMUSG00000022622,preproacrosin,15,protein_coding,delayed fertilization,ACR,4.754887502163468
Gpx3,GSM2545337,229,Mus musculus,8,Female,NonInfected,C57BL/6,0,Cerebellum,9,14778,glutathione peroxidase 3,ENSMUSG00000018339,EGPx,11,protein_coding,prenatal lethality prior to heart atrial septation,GPX3,7.845490050944375
Vsx2,GSM2545337,4,Mus musculus,8,Female,NonInfected,C57BL/6,0,Cerebellum,9,12677,"visual system homeobox 2, transcript variant 1",ENSMUSG00000021239,Chx10,12,protein_coding,Harderian gland hypertrophy,VSX2,2.321928094887362
Fbln5,GSM2545338,330,Mus musculus,8,Female,NonInfected,C57BL/6,0,Cerebellum,10,23876,fibulin 5,ENSMUSG00000021186,EVEC,12,protein_coding,abnormal aorta elastic fiber morphology,FBLN5,8.370687406807217
Tssk5,GSM2545338,77,Mus musculus,8,Female,NonInfected,C57BL/6,0,Cerebellum,10,73542,testis-specific serine kinase 5,ENSMUSG00000060794,1700091F14Rik,15,protein_coding,decreased leukocyte cell number,NA,6.285402218862249
Pla2g3,GSM2545338,124,Mus musculus,8,Female,NonInfected,C57BL/6,0,Cerebellum,10,237625,"phospholipase A2, group III, transcript variant X2",ENSMUSG00000034579,9130003P18Rik,11,protein_coding,abnormal acrosome morphology,PLA2G3,6.965784284662087
Vmn2r1,GSM2545338,27,Mus musculus,8,Female,NonInfected,C57BL/6,0,Cerebellum,10,56544,"vomeronasal 2, receptor 1, transcript variant X1",ENSMUSG00000027824,EG56544,3,protein_coding,abnormal vomeronasal organ morphology,NA,4.807354922057604
Ncmap,GSM2545338,40,Mus musculus,8,Female,NonInfected,C57BL/6,0,Cerebellum,10,230822,"noncompact myelin associated protein, transcript variant 1",ENSMUSG00000043924,A330049M08Rik,4,protein_coding,NA,NCMAP,5.357552004618084
Sult1a1,GSM2545338,465,Mus musculus,8,Female,NonInfected,C57BL/6,0,Cerebellum,10,20887,"sulfotransferase family 1A, phenol-preferring, member 1, transcript variant X1",ENSMUSG00000030711,PST,7,protein_coding,abnormal blood homeostasis,NA,8.86418614465428
Aipl1,GSM2545338,9,Mus musculus,8,Female,NonInfected,C57BL/6,0,Cerebellum,10,114230,"aryl hydrocarbon receptor-interacting protein-like 1, transcript variant X5",ENSMUSG00000040554,A930007I01Rik,11,protein_coding,abnormal Muller cell morphology,AIPL1,3.321928094887362
Gbp4,GSM2545338,70,Mus musculus,8,Female,NonInfected,C57BL/6,0,Cerebellum,10,17472,"guanylate binding protein 4, transcript variant X6",ENSMUSG00000079363,Mag-2,5,protein_coding,decreased circulating alkaline phosphatase level,GBP6,6.149747119504682
Pla2g4e,GSM2545338,258,Mus musculus,8,Female,NonInfected,C57BL/6,0,Cerebellum,10,329502,"phospholipase A2, group IVE, transcript variant X4",ENSMUSG00000050211,2310026J01Rik,2,protein_coding,abnormal coat appearance,PLA2G4E,8.016808287686555
Chil3,GSM2545338,4,Mus musculus,8,Female,NonInfected,C57BL/6,0,Cerebellum,10,12655,chitinase-like 3,ENSMUSG00000040809,Chi3l3,3,protein_coding,NA,CHIA,2.321928094887362
Gm20751,GSM2545338,64,Mus musculus,8,Female,NonInfected,C57BL/6,0,Cerebellum,10,622552,"predicted gene, 20751",ENSMUSG00000110016,NA,13,lncRNA,NA,NA,6.022367813028454
Cirbp,GSM2545338,1544,Mus musculus,8,Female,NonInfected,C57BL/6,0,Cerebellum,10,12696,"cold inducible RNA binding protein, transcript variant X2",ENSMUSG00000045193,Cirp,10,protein_coding,abnormal cell cycle,CIRBP,10.593391122791736
Slc17a9,GSM2545338,11,Mus musculus,8,Female,NonInfected,C57BL/6,0,Cerebellum,10,228993,"solute carrier family 17, member 9, transcript variant X4",ENSMUSG00000023393,1700019H03Rik,2,protein_coding,abnormal eye morphology,SLC17A9,3.584962500721156
Tac4,GSM2545338,6,Mus musculus,8,Female,NonInfected,C57BL/6,0,Cerebellum,10,93670,tachykinin 4,ENSMUSG00000020872,hemokinin I (HK-1),11,protein_coding,increased pro-B cell number,TAC4,2.807354922057604
Prr15,GSM2545338,28,Mus musculus,8,Female,NonInfected,C57BL/6,0,Cerebellum,10,78004,proline rich 15,ENSMUSG00000045725,E130201N16Rik,6,protein_coding,NA,PRR15,4.857980995127572
Bst1,GSM2545338,6,Mus musculus,8,Female,NonInfected,C57BL/6,0,Cerebellum,10,12182,"bone marrow stromal cell antigen 1, transcript variant X1",ENSMUSG00000029082,114/A10,5,protein_coding,abnormal B cell physiology,BST1,2.807354922057604
Plin4,GSM2545338,415,Mus musculus,8,Female,NonInfected,C57BL/6,0,Cerebellum,10,57435,"perilipin 4, transcript variant X5",ENSMUSG00000002831,S3-12,17,protein_coding,abnormal auditory brainstem response,PLIN4,8.700439718141093
Acr,GSM2545338,23,Mus musculus,8,Female,NonInfected,C57BL/6,0,Cerebellum,10,11434,"acrosin prepropeptide, transcript variant X2",ENSMUSG00000022622,preproacrosin,15,protein_coding,delayed fertilization,ACR,4.584962500721156
Gpx3,GSM2545338,212,Mus musculus,8,Female,NonInfected,C57BL/6,0,Cerebellum,10,14778,glutathione peroxidase 3,ENSMUSG00000018339,EGPx,11,protein_coding,prenatal lethality prior to heart atrial septation,GPX3,7.734709620225838
Vsx2,GSM2545338,3,Mus musculus,8,Female,NonInfected,C57BL/6,0,Cerebellum,10,12677,"visual system homeobox 2, transcript variant 1",ENSMUSG00000021239,Chx10,12,protein_coding,Harderian gland hypertrophy,VSX2,2
Fbln5,GSM2545339,476,Mus musculus,8,Female,InfluenzaA,C57BL/6,4,Cerebellum,15,23876,fibulin 5,ENSMUSG00000021186,EVEC,12,protein_coding,abnormal aorta elastic fiber morphology,FBLN5,8.897845456005511
Tssk5,GSM2545339,75,Mus musculus,8,Female,InfluenzaA,C57BL/6,4,Cerebellum,15,73542,testis-specific serine kinase 5,ENSMUSG00000060794,1700091F14Rik,15,protein_coding,decreased leukocyte cell number,NA,6.247927513443585
Pla2g3,GSM2545339,125,Mus musculus,8,Female,InfluenzaA,C57BL/6,4,Cerebellum,15,237625,"phospholipase A2, group III, transcript variant X2",ENSMUSG00000034579,9130003P18Rik,11,protein_coding,abnormal acrosome morphology,PLA2G3,6.977279923499917
Vmn2r1,GSM2545339,34,Mus musculus,8,Female,InfluenzaA,C57BL/6,4,Cerebellum,15,56544,"vomeronasal 2, receptor 1, transcript variant X1",ENSMUSG00000027824,EG56544,3,protein_coding,abnormal vomeronasal organ morphology,NA,5.129283016944966
Ncmap,GSM2545339,46,Mus musculus,8,Female,InfluenzaA,C57BL/6,4,Cerebellum,15,230822,"noncompact myelin associated protein, transcript variant 1",ENSMUSG00000043924,A330049M08Rik,4,protein_coding,NA,NCMAP,5.554588851677638
Sult1a1,GSM2545339,431,Mus musculus,8,Female,InfluenzaA,C57BL/6,4,Cerebellum,15,20887,"sulfotransferase family 1A, phenol-preferring, member 1, transcript variant X1",ENSMUSG00000030711,PST,7,protein_coding,abnormal blood homeostasis,NA,8.754887502163468
Aipl1,GSM2545339,4,Mus musculus,8,Female,InfluenzaA,C57BL/6,4,Cerebellum,15,114230,"aryl hydrocarbon receptor-interacting protein-like 1, transcript variant X5",ENSMUSG00000040554,A930007I01Rik,11,protein_coding,abnormal Muller cell morphology,AIPL1,2.321928094887362
Gbp4,GSM2545339,150,Mus musculus,8,Female,InfluenzaA,C57BL/6,4,Cerebellum,15,17472,"guanylate binding protein 4, transcript variant X6",ENSMUSG00000079363,Mag-2,5,protein_coding,decreased circulating alkaline phosphatase level,GBP6,7.2384047393250786
Pla2g4e,GSM2545339,263,Mus musculus,8,Female,InfluenzaA,C57BL/6,4,Cerebellum,15,329502,"phospholipase A2, group IVE, transcript variant X4",ENSMUSG00000050211,2310026J01Rik,2,protein_coding,abnormal coat appearance,PLA2G4E,8.044394119358454
Chil3,GSM2545339,41,Mus musculus,8,Female,InfluenzaA,C57BL/6,4,Cerebellum,15,12655,chitinase-like 3,ENSMUSG00000040809,Chi3l3,3,protein_coding,NA,CHIA,5.392317422778761
Gm20751,GSM2545339,62,Mus musculus,8,Female,InfluenzaA,C57BL/6,4,Cerebellum,15,622552,"predicted gene, 20751",ENSMUSG00000110016,NA,13,lncRNA,NA,NA,5.977279923499917
Cirbp,GSM2545339,1802,Mus musculus,8,Female,InfluenzaA,C57BL/6,4,Cerebellum,15,12696,"cold inducible RNA binding protein, transcript variant X2",ENSMUSG00000045193,Cirp,10,protein_coding,abnormal cell cycle,CIRBP,10.816183681432342
Slc17a9,GSM2545339,11,Mus musculus,8,Female,InfluenzaA,C57BL/6,4,Cerebellum,15,228993,"solute carrier family 17, member 9, transcript variant X4",ENSMUSG00000023393,1700019H03Rik,2,protein_coding,abnormal eye morphology,SLC17A9,3.584962500721156
Tac4,GSM2545339,11,Mus musculus,8,Female,InfluenzaA,C57BL/6,4,Cerebellum,15,93670,tachykinin 4,ENSMUSG00000020872,hemokinin I (HK-1),11,protein_coding,increased pro-B cell number,TAC4,3.584962500721156
Prr15,GSM2545339,33,Mus musculus,8,Female,InfluenzaA,C57BL/6,4,Cerebellum,15,78004,proline rich 15,ENSMUSG00000045725,E130201N16Rik,6,protein_coding,NA,PRR15,5.087462841250339
Bst1,GSM2545339,14,Mus musculus,8,Female,InfluenzaA,C57BL/6,4,Cerebellum,15,12182,"bone marrow stromal cell antigen 1, transcript variant X1",ENSMUSG00000029082,114/A10,5,protein_coding,abnormal B cell physiology,BST1,3.9068905956085187
Plin4,GSM2545339,318,Mus musculus,8,Female,InfluenzaA,C57BL/6,4,Cerebellum,15,57435,"perilipin 4, transcript variant X5",ENSMUSG00000002831,S3-12,17,protein_coding,abnormal auditory brainstem response,PLIN4,8.31741261376487
Acr,GSM2545339,31,Mus musculus,8,Female,InfluenzaA,C57BL/6,4,Cerebellum,15,11434,"acrosin prepropeptide, transcript variant X2",ENSMUSG00000022622,preproacrosin,15,protein_coding,delayed fertilization,ACR,5
Gpx3,GSM2545339,476,Mus musculus,8,Female,InfluenzaA,C57BL/6,4,Cerebellum,15,14778,glutathione peroxidase 3,ENSMUSG00000018339,EGPx,11,protein_coding,prenatal lethality prior to heart atrial septation,GPX3,8.897845456005511
Vsx2,GSM2545339,19,Mus musculus,8,Female,InfluenzaA,C57BL/6,4,Cerebellum,15,12677,"visual system homeobox 2, transcript variant 1",ENSMUSG00000021239,Chx10,12,protein_coding,Harderian gland hypertrophy,VSX2,4.321928094887363
Fbln5,GSM2545340,418,Mus musculus,8,Male,InfluenzaA,C57BL/6,4,Cerebellum,18,23876,fibulin 5,ENSMUSG00000021186,EVEC,12,protein_coding,abnormal aorta elastic fiber morphology,FBLN5,8.710806433699352
Tssk5,GSM2545340,131,Mus musculus,8,Male,InfluenzaA,C57BL/6,4,Cerebellum,18,73542,testis-specific serine kinase 5,ENSMUSG00000060794,1700091F14Rik,15,protein_coding,decreased leukocyte cell number,NA,7.044394119358453
Pla2g3,GSM2545340,191,Mus musculus,8,Male,InfluenzaA,C57BL/6,4,Cerebellum,18,237625,"phospholipase A2, group III, transcript variant X2",ENSMUSG00000034579,9130003P18Rik,11,protein_coding,abnormal acrosome morphology,PLA2G3,7.584962500721156
Vmn2r1,GSM2545340,50,Mus musculus,8,Male,InfluenzaA,C57BL/6,4,Cerebellum,18,56544,"vomeronasal 2, receptor 1, transcript variant X1",ENSMUSG00000027824,EG56544,3,protein_coding,abnormal vomeronasal organ morphology,NA,5.672425341971495
Ncmap,GSM2545340,51,Mus musculus,8,Male,InfluenzaA,C57BL/6,4,Cerebellum,18,230822,"noncompact myelin associated protein, transcript variant 1",ENSMUSG00000043924,A330049M08Rik,4,protein_coding,NA,NCMAP,5.700439718141092
Sult1a1,GSM2545340,690,Mus musculus,8,Male,InfluenzaA,C57BL/6,4,Cerebellum,18,20887,"sulfotransferase family 1A, phenol-preferring, member 1, transcript variant X1",ENSMUSG00000030711,PST,7,protein_coding,abnormal blood homeostasis,NA,9.432541900388259
Aipl1,GSM2545340,14,Mus musculus,8,Male,InfluenzaA,C57BL/6,4,Cerebellum,18,114230,"aryl hydrocarbon receptor-interacting protein-like 1, transcript variant X5",ENSMUSG00000040554,A930007I01Rik,11,protein_coding,abnormal Muller cell morphology,AIPL1,3.9068905956085187
Gbp4,GSM2545340,174,Mus musculus,8,Male,InfluenzaA,C57BL/6,4,Cerebellum,18,17472,"guanylate binding protein 4, transcript variant X6",ENSMUSG00000079363,Mag-2,5,protein_coding,decreased circulating alkaline phosphatase level,GBP6,7.451211111832329
Pla2g4e,GSM2545340,457,Mus musculus,8,Male,InfluenzaA,C57BL/6,4,Cerebellum,18,329502,"phospholipase A2, group IVE, transcript variant X4",ENSMUSG00000050211,2310026J01Rik,2,protein_coding,abnormal coat appearance,PLA2G4E,8.839203788096944
Chil3,GSM2545340,25,Mus musculus,8,Male,InfluenzaA,C57BL/6,4,Cerebellum,18,12655,chitinase-like 3,ENSMUSG00000040809,Chi3l3,3,protein_coding,NA,CHIA,4.700439718141092
Gm20751,GSM2545340,125,Mus musculus,8,Male,InfluenzaA,C57BL/6,4,Cerebellum,18,622552,"predicted gene, 20751",ENSMUSG00000110016,NA,13,lncRNA,NA,NA,6.977279923499917
Cirbp,GSM2545340,2911,Mus musculus,8,Male,InfluenzaA,C57BL/6,4,Cerebellum,18,12696,"cold inducible RNA binding protein, transcript variant X2",ENSMUSG00000045193,Cirp,10,protein_coding,abnormal cell cycle,CIRBP,11.507794640198696
Slc17a9,GSM2545340,15,Mus musculus,8,Male,InfluenzaA,C57BL/6,4,Cerebellum,18,228993,"solute carrier family 17, member 9, transcript variant X4",ENSMUSG00000023393,1700019H03Rik,2,protein_coding,abnormal eye morphology,SLC17A9,4
Tac4,GSM2545340,16,Mus musculus,8,Male,InfluenzaA,C57BL/6,4,Cerebellum,18,93670,tachykinin 4,ENSMUSG00000020872,hemokinin I (HK-1),11,protein_coding,increased pro-B cell number,TAC4,4.087462841250339
Prr15,GSM2545340,30,Mus musculus,8,Male,InfluenzaA,C57BL/6,4,Cerebellum,18,78004,proline rich 15,ENSMUSG00000045725,E130201N16Rik,6,protein_coding,NA,PRR15,4.954196310386875
Bst1,GSM2545340,16,Mus musculus,8,Male,InfluenzaA,C57BL/6,4,Cerebellum,18,12182,"bone marrow stromal cell antigen 1, transcript variant X1",ENSMUSG00000029082,114/A10,5,protein_coding,abnormal B cell physiology,BST1,4.087462841250339
Plin4,GSM2545340,1230,Mus musculus,8,Male,InfluenzaA,C57BL/6,4,Cerebellum,18,57435,"perilipin 4, transcript variant X5",ENSMUSG00000002831,S3-12,17,protein_coding,abnormal auditory brainstem response,PLIN4,10.265615046484458
Acr,GSM2545340,44,Mus musculus,8,Male,InfluenzaA,C57BL/6,4,Cerebellum,18,11434,"acrosin prepropeptide, transcript variant X2",ENSMUSG00000022622,preproacrosin,15,protein_coding,delayed fertilization,ACR,5.491853096329675
Gpx3,GSM2545340,425,Mus musculus,8,Male,InfluenzaA,C57BL/6,4,Cerebellum,18,14778,glutathione peroxidase 3,ENSMUSG00000018339,EGPx,11,protein_coding,prenatal lethality prior to heart atrial septation,GPX3,8.734709620225837
Vsx2,GSM2545340,1,Mus musculus,8,Male,InfluenzaA,C57BL/6,4,Cerebellum,18,12677,"visual system homeobox 2, transcript variant 1",ENSMUSG00000021239,Chx10,12,protein_coding,Harderian gland hypertrophy,VSX2,1
Fbln5,GSM2545341,1424,Mus musculus,8,Male,InfluenzaA,C57BL/6,8,Cerebellum,6,23876,fibulin 5,ENSMUSG00000021186,EVEC,12,protein_coding,abnormal aorta elastic fiber morphology,FBLN5,10.476746203939467
Tssk5,GSM2545341,402,Mus musculus,8,Male,InfluenzaA,C57BL/6,8,Cerebellum,6,73542,testis-specific serine kinase 5,ENSMUSG00000060794,1700091F14Rik,15,protein_coding,decreased leukocyte cell number,NA,8.654636028527968
Pla2g3,GSM2545341,466,Mus musculus,8,Male,InfluenzaA,C57BL/6,8,Cerebellum,6,237625,"phospholipase A2, group III, transcript variant X2",ENSMUSG00000034579,9130003P18Rik,11,protein_coding,abnormal acrosome morphology,PLA2G3,8.867278739709661
Vmn2r1,GSM2545341,114,Mus musculus,8,Male,InfluenzaA,C57BL/6,8,Cerebellum,6,56544,"vomeronasal 2, receptor 1, transcript variant X1",ENSMUSG00000027824,EG56544,3,protein_coding,abnormal vomeronasal organ morphology,NA,6.845490050944375
Ncmap,GSM2545341,138,Mus musculus,8,Male,InfluenzaA,C57BL/6,8,Cerebellum,6,230822,"noncompact myelin associated protein, transcript variant 1",ENSMUSG00000043924,A330049M08Rik,4,protein_coding,NA,NCMAP,7.118941072723508
Sult1a1,GSM2545341,1831,Mus musculus,8,Male,InfluenzaA,C57BL/6,8,Cerebellum,6,20887,"sulfotransferase family 1A, phenol-preferring, member 1, transcript variant X1",ENSMUSG00000030711,PST,7,protein_coding,abnormal blood homeostasis,NA,10.839203788096944
Aipl1,GSM2545341,120,Mus musculus,8,Male,InfluenzaA,C57BL/6,8,Cerebellum,6,114230,"aryl hydrocarbon receptor-interacting protein-like 1, transcript variant X5",ENSMUSG00000040554,A930007I01Rik,11,protein_coding,abnormal Muller cell morphology,AIPL1,6.918863237274595
Gbp4,GSM2545341,795,Mus musculus,8,Male,InfluenzaA,C57BL/6,8,Cerebellum,6,17472,"guanylate binding protein 4, transcript variant X6",ENSMUSG00000079363,Mag-2,5,protein_coding,decreased circulating alkaline phosphatase level,GBP6,9.63662462054365
Pla2g4e,GSM2545341,1415,Mus musculus,8,Male,InfluenzaA,C57BL/6,8,Cerebellum,6,329502,"phospholipase A2, group IVE, transcript variant X4",ENSMUSG00000050211,2310026J01Rik,2,protein_coding,abnormal coat appearance,PLA2G4E,10.467605550082997
Chil3,GSM2545341,84,Mus musculus,8,Male,InfluenzaA,C57BL/6,8,Cerebellum,6,12655,chitinase-like 3,ENSMUSG00000040809,Chi3l3,3,protein_coding,NA,CHIA,6.409390936137702
Gm20751,GSM2545341,302,Mus musculus,8,Male,InfluenzaA,C57BL/6,8,Cerebellum,6,622552,"predicted gene, 20751",ENSMUSG00000110016,NA,13,lncRNA,NA,NA,8.243173983472952
Cirbp,GSM2545341,5849,Mus musculus,8,Male,InfluenzaA,C57BL/6,8,Cerebellum,6,12696,"cold inducible RNA binding protein, transcript variant X2",ENSMUSG00000045193,Cirp,10,protein_coding,abnormal cell cycle,CIRBP,12.51422090935813
Slc17a9,GSM2545341,105,Mus musculus,8,Male,InfluenzaA,C57BL/6,8,Cerebellum,6,228993,"solute carrier family 17, member 9, transcript variant X4",ENSMUSG00000023393,1700019H03Rik,2,protein_coding,abnormal eye morphology,SLC17A9,6.727920454563199
Tac4,GSM2545341,34,Mus musculus,8,Male,InfluenzaA,C57BL/6,8,Cerebellum,6,93670,tachykinin 4,ENSMUSG00000020872,hemokinin I (HK-1),11,protein_coding,increased pro-B cell number,TAC4,5.129283016944966
Prr15,GSM2545341,120,Mus musculus,8,Male,InfluenzaA,C57BL/6,8,Cerebellum,6,78004,proline rich 15,ENSMUSG00000045725,E130201N16Rik,6,protein_coding,NA,PRR15,6.918863237274595
Bst1,GSM2545341,26,Mus musculus,8,Male,InfluenzaA,C57BL/6,8,Cerebellum,6,12182,"bone marrow stromal cell antigen 1, transcript variant X1",ENSMUSG00000029082,114/A10,5,protein_coding,abnormal B cell physiology,BST1,4.754887502163468
Plin4,GSM2545341,2471,Mus musculus,8,Male,InfluenzaA,C57BL/6,8,Cerebellum,6,57435,"perilipin 4, transcript variant X5",ENSMUSG00000002831,S3-12,17,protein_coding,abnormal auditory brainstem response,PLIN4,11.271463027904375
Acr,GSM2545341,220,Mus musculus,8,Male,InfluenzaA,C57BL/6,8,Cerebellum,6,11434,"acrosin prepropeptide, transcript variant X2",ENSMUSG00000022622,preproacrosin,15,protein_coding,delayed fertilization,ACR,7.787902559391432
Gpx3,GSM2545341,698,Mus musculus,8,Male,InfluenzaA,C57BL/6,8,Cerebellum,6,14778,glutathione peroxidase 3,ENSMUSG00000018339,EGPx,11,protein_coding,prenatal lethality prior to heart atrial septation,GPX3,9.449148645375436
Vsx2,GSM2545341,12,Mus musculus,8,Male,InfluenzaA,C57BL/6,8,Cerebellum,6,12677,"visual system homeobox 2, transcript variant 1",ENSMUSG00000021239,Chx10,12,protein_coding,Harderian gland hypertrophy,VSX2,3.700439718141092
Fbln5,GSM2545342,1271,Mus musculus,8,Female,InfluenzaA,C57BL/6,8,Cerebellum,5,23876,fibulin 5,ENSMUSG00000021186,EVEC,12,protein_coding,abnormal aorta elastic fiber morphology,FBLN5,10.312882955284355
Tssk5,GSM2545342,273,Mus musculus,8,Female,InfluenzaA,C57BL/6,8,Cerebellum,5,73542,testis-specific serine kinase 5,ENSMUSG00000060794,1700091F14Rik,15,protein_coding,decreased leukocyte cell number,NA,8.098032082960527
Pla2g3,GSM2545342,322,Mus musculus,8,Female,InfluenzaA,C57BL/6,8,Cerebellum,5,237625,"phospholipase A2, group III, transcript variant X2",ENSMUSG00000034579,9130003P18Rik,11,protein_coding,abnormal acrosome morphology,PLA2G3,8.335390354693924
Vmn2r1,GSM2545342,93,Mus musculus,8,Female,InfluenzaA,C57BL/6,8,Cerebellum,5,56544,"vomeronasal 2, receptor 1, transcript variant X1",ENSMUSG00000027824,EG56544,3,protein_coding,abnormal vomeronasal organ morphology,NA,6.554588851677638
Ncmap,GSM2545342,98,Mus musculus,8,Female,InfluenzaA,C57BL/6,8,Cerebellum,5,230822,"noncompact myelin associated protein, transcript variant 1",ENSMUSG00000043924,A330049M08Rik,4,protein_coding,NA,NCMAP,6.6293566200796095
Sult1a1,GSM2545342,1146,Mus musculus,8,Female,InfluenzaA,C57BL/6,8,Cerebellum,5,20887,"sulfotransferase family 1A, phenol-preferring, member 1, transcript variant X1",ENSMUSG00000030711,PST,7,protein_coding,abnormal blood homeostasis,NA,10.163649676015824
Aipl1,GSM2545342,117,Mus musculus,8,Female,InfluenzaA,C57BL/6,8,Cerebellum,5,114230,"aryl hydrocarbon receptor-interacting protein-like 1, transcript variant X5",ENSMUSG00000040554,A930007I01Rik,11,protein_coding,abnormal Muller cell morphology,AIPL1,6.882643049361842
Gbp4,GSM2545342,346,Mus musculus,8,Female,InfluenzaA,C57BL/6,8,Cerebellum,5,17472,"guanylate binding protein 4, transcript variant X6",ENSMUSG00000079363,Mag-2,5,protein_coding,decreased circulating alkaline phosphatase level,GBP6,8.43879185257826
Pla2g4e,GSM2545342,878,Mus musculus,8,Female,InfluenzaA,C57BL/6,8,Cerebellum,5,329502,"phospholipase A2, group IVE, transcript variant X4",ENSMUSG00000050211,2310026J01Rik,2,protein_coding,abnormal coat appearance,PLA2G4E,9.779719355143405
Chil3,GSM2545342,50,Mus musculus,8,Female,InfluenzaA,C57BL/6,8,Cerebellum,5,12655,chitinase-like 3,ENSMUSG00000040809,Chi3l3,3,protein_coding,NA,CHIA,5.672425341971495
Gm20751,GSM2545342,184,Mus musculus,8,Female,InfluenzaA,C57BL/6,8,Cerebellum,5,622552,"predicted gene, 20751",ENSMUSG00000110016,NA,13,lncRNA,NA,NA,7.531381460516312
Cirbp,GSM2545342,4795,Mus musculus,8,Female,InfluenzaA,C57BL/6,8,Cerebellum,5,12696,"cold inducible RNA binding protein, transcript variant X2",ENSMUSG00000045193,Cirp,10,protein_coding,abnormal cell cycle,CIRBP,12.227615943414223
Slc17a9,GSM2545342,44,Mus musculus,8,Female,InfluenzaA,C57BL/6,8,Cerebellum,5,228993,"solute carrier family 17, member 9, transcript variant X4",ENSMUSG00000023393,1700019H03Rik,2,protein_coding,abnormal eye morphology,SLC17A9,5.491853096329675
Tac4,GSM2545342,26,Mus musculus,8,Female,InfluenzaA,C57BL/6,8,Cerebellum,5,93670,tachykinin 4,ENSMUSG00000020872,hemokinin I (HK-1),11,protein_coding,increased pro-B cell number,TAC4,4.754887502163468
Prr15,GSM2545342,63,Mus musculus,8,Female,InfluenzaA,C57BL/6,8,Cerebellum,5,78004,proline rich 15,ENSMUSG00000045725,E130201N16Rik,6,protein_coding,NA,PRR15,6
Bst1,GSM2545342,26,Mus musculus,8,Female,InfluenzaA,C57BL/6,8,Cerebellum,5,12182,"bone marrow stromal cell antigen 1, transcript variant X1",ENSMUSG00000029082,114/A10,5,protein_coding,abnormal B cell physiology,BST1,4.754887502163468
Plin4,GSM2545342,1767,Mus musculus,8,Female,InfluenzaA,C57BL/6,8,Cerebellum,5,57435,"perilipin 4, transcript variant X5",ENSMUSG00000002831,S3-12,17,protein_coding,abnormal auditory brainstem response,PLIN4,10.787902559391432
Acr,GSM2545342,140,Mus musculus,8,Female,InfluenzaA,C57BL/6,8,Cerebellum,5,11434,"acrosin prepropeptide, transcript variant X2",ENSMUSG00000022622,preproacrosin,15,protein_coding,delayed fertilization,ACR,7.139551352398794
Gpx3,GSM2545342,780,Mus musculus,8,Female,InfluenzaA,C57BL/6,8,Cerebellum,5,14778,glutathione peroxidase 3,ENSMUSG00000018339,EGPx,11,protein_coding,prenatal lethality prior to heart atrial septation,GPX3,9.60917873814198
Vsx2,GSM2545342,8,Mus musculus,8,Female,InfluenzaA,C57BL/6,8,Cerebellum,5,12677,"visual system homeobox 2, transcript variant 1",ENSMUSG00000021239,Chx10,12,protein_coding,Harderian gland hypertrophy,VSX2,3.169925001442312
Fbln5,GSM2545343,450,Mus musculus,8,Male,NonInfected,C57BL/6,0,Cerebellum,11,23876,fibulin 5,ENSMUSG00000021186,EVEC,12,protein_coding,abnormal aorta elastic fiber morphology,FBLN5,8.81698362325538
Tssk5,GSM2545343,87,Mus musculus,8,Male,NonInfected,C57BL/6,0,Cerebellum,11,73542,testis-specific serine kinase 5,ENSMUSG00000060794,1700091F14Rik,15,protein_coding,decreased leukocyte cell number,NA,6.459431618637297
Pla2g3,GSM2545343,153,Mus musculus,8,Male,NonInfected,C57BL/6,0,Cerebellum,11,237625,"phospholipase A2, group III, transcript variant X2",ENSMUSG00000034579,9130003P18Rik,11,protein_coding,abnormal acrosome morphology,PLA2G3,7.266786540694901
Vmn2r1,GSM2545343,32,Mus musculus,8,Male,NonInfected,C57BL/6,0,Cerebellum,11,56544,"vomeronasal 2, receptor 1, transcript variant X1",ENSMUSG00000027824,EG56544,3,protein_coding,abnormal vomeronasal organ morphology,NA,5.044394119358453
Ncmap,GSM2545343,36,Mus musculus,8,Male,NonInfected,C57BL/6,0,Cerebellum,11,230822,"noncompact myelin associated protein, transcript variant 1",ENSMUSG00000043924,A330049M08Rik,4,protein_coding,NA,NCMAP,5.20945336562895
Sult1a1,GSM2545343,540,Mus musculus,8,Male,NonInfected,C57BL/6,0,Cerebellum,11,20887,"sulfotransferase family 1A, phenol-preferring, member 1, transcript variant X1",ENSMUSG00000030711,PST,7,protein_coding,abnormal blood homeostasis,NA,9.079484783826816
Aipl1,GSM2545343,11,Mus musculus,8,Male,NonInfected,C57BL/6,0,Cerebellum,11,114230,"aryl hydrocarbon receptor-interacting protein-like 1, transcript variant X5",ENSMUSG00000040554,A930007I01Rik,11,protein_coding,abnormal Muller cell morphology,AIPL1,3.584962500721156
Gbp4,GSM2545343,114,Mus musculus,8,Male,NonInfected,C57BL/6,0,Cerebellum,11,17472,"guanylate binding protein 4, transcript variant X6",ENSMUSG00000079363,Mag-2,5,protein_coding,decreased circulating alkaline phosphatase level,GBP6,6.845490050944375
Pla2g4e,GSM2545343,242,Mus musculus,8,Male,NonInfected,C57BL/6,0,Cerebellum,11,329502,"phospholipase A2, group IVE, transcript variant X4",ENSMUSG00000050211,2310026J01Rik,2,protein_coding,abnormal coat appearance,PLA2G4E,7.924812503605781
Chil3,GSM2545343,10,Mus musculus,8,Male,NonInfected,C57BL/6,0,Cerebellum,11,12655,chitinase-like 3,ENSMUSG00000040809,Chi3l3,3,protein_coding,NA,CHIA,3.4594316186372973
Gm20751,GSM2545343,87,Mus musculus,8,Male,NonInfected,C57BL/6,0,Cerebellum,11,622552,"predicted gene, 20751",ENSMUSG00000110016,NA,13,lncRNA,NA,NA,6.459431618637297
Cirbp,GSM2545343,2140,Mus musculus,8,Male,NonInfected,C57BL/6,0,Cerebellum,11,12696,"cold inducible RNA binding protein, transcript variant X2",ENSMUSG00000045193,Cirp,10,protein_coding,abnormal cell cycle,CIRBP,11.06406908038551
Slc17a9,GSM2545343,18,Mus musculus,8,Male,NonInfected,C57BL/6,0,Cerebellum,11,228993,"solute carrier family 17, member 9, transcript variant X4",ENSMUSG00000023393,1700019H03Rik,2,protein_coding,abnormal eye morphology,SLC17A9,4.247927513443585
Tac4,GSM2545343,6,Mus musculus,8,Male,NonInfected,C57BL/6,0,Cerebellum,11,93670,tachykinin 4,ENSMUSG00000020872,hemokinin I (HK-1),11,protein_coding,increased pro-B cell number,TAC4,2.807354922057604
Prr15,GSM2545343,29,Mus musculus,8,Male,NonInfected,C57BL/6,0,Cerebellum,11,78004,proline rich 15,ENSMUSG00000045725,E130201N16Rik,6,protein_coding,NA,PRR15,4.906890595608519
Bst1,GSM2545343,11,Mus musculus,8,Male,NonInfected,C57BL/6,0,Cerebellum,11,12182,"bone marrow stromal cell antigen 1, transcript variant X1",ENSMUSG00000029082,114/A10,5,protein_coding,abnormal B cell physiology,BST1,3.584962500721156
Plin4,GSM2545343,225,Mus musculus,8,Male,NonInfected,C57BL/6,0,Cerebellum,11,57435,"perilipin 4, transcript variant X5",ENSMUSG00000002831,S3-12,17,protein_coding,abnormal auditory brainstem response,PLIN4,7.820178962415188
Acr,GSM2545343,27,Mus musculus,8,Male,NonInfected,C57BL/6,0,Cerebellum,11,11434,"acrosin prepropeptide, transcript variant X2",ENSMUSG00000022622,preproacrosin,15,protein_coding,delayed fertilization,ACR,4.807354922057604
Gpx3,GSM2545343,236,Mus musculus,8,Male,NonInfected,C57BL/6,0,Cerebellum,11,14778,glutathione peroxidase 3,ENSMUSG00000018339,EGPx,11,protein_coding,prenatal lethality prior to heart atrial septation,GPX3,7.888743248898259
Vsx2,GSM2545343,1,Mus musculus,8,Male,NonInfected,C57BL/6,0,Cerebellum,11,12677,"visual system homeobox 2, transcript variant 1",ENSMUSG00000021239,Chx10,12,protein_coding,Harderian gland hypertrophy,VSX2,1
Fbln5,GSM2545344,586,Mus musculus,8,Female,InfluenzaA,C57BL/6,4,Cerebellum,22,23876,fibulin 5,ENSMUSG00000021186,EVEC,12,protein_coding,abnormal aorta elastic fiber morphology,FBLN5,9.197216693110052
Tssk5,GSM2545344,114,Mus musculus,8,Female,InfluenzaA,C57BL/6,4,Cerebellum,22,73542,testis-specific serine kinase 5,ENSMUSG00000060794,1700091F14Rik,15,protein_coding,decreased leukocyte cell number,NA,6.845490050944375
Pla2g3,GSM2545344,202,Mus musculus,8,Female,InfluenzaA,C57BL/6,4,Cerebellum,22,237625,"phospholipase A2, group III, transcript variant X2",ENSMUSG00000034579,9130003P18Rik,11,protein_coding,abnormal acrosome morphology,PLA2G3,7.6653359171851765
Vmn2r1,GSM2545344,34,Mus musculus,8,Female,InfluenzaA,C57BL/6,4,Cerebellum,22,56544,"vomeronasal 2, receptor 1, transcript variant X1",ENSMUSG00000027824,EG56544,3,protein_coding,abnormal vomeronasal organ morphology,NA,5.129283016944966
Ncmap,GSM2545344,42,Mus musculus,8,Female,InfluenzaA,C57BL/6,4,Cerebellum,22,230822,"noncompact myelin associated protein, transcript variant 1",ENSMUSG00000043924,A330049M08Rik,4,protein_coding,NA,NCMAP,5.426264754702098
Sult1a1,GSM2545344,513,Mus musculus,8,Female,InfluenzaA,C57BL/6,4,Cerebellum,22,20887,"sulfotransferase family 1A, phenol-preferring, member 1, transcript variant X1",ENSMUSG00000030711,PST,7,protein_coding,abnormal blood homeostasis,NA,9.005624549193879
Aipl1,GSM2545344,17,Mus musculus,8,Female,InfluenzaA,C57BL/6,4,Cerebellum,22,114230,"aryl hydrocarbon receptor-interacting protein-like 1, transcript variant X5",ENSMUSG00000040554,A930007I01Rik,11,protein_coding,abnormal Muller cell morphology,AIPL1,4.169925001442312
Gbp4,GSM2545344,99,Mus musculus,8,Female,InfluenzaA,C57BL/6,4,Cerebellum,22,17472,"guanylate binding protein 4, transcript variant X6",ENSMUSG00000079363,Mag-2,5,protein_coding,decreased circulating alkaline phosphatase level,GBP6,6.643856189774724
Pla2g4e,GSM2545344,266,Mus musculus,8,Female,InfluenzaA,C57BL/6,4,Cerebellum,22,329502,"phospholipase A2, group IVE, transcript variant X4",ENSMUSG00000050211,2310026J01Rik,2,protein_coding,abnormal coat appearance,PLA2G4E,8.060695931687555
Chil3,GSM2545344,67,Mus musculus,8,Female,InfluenzaA,C57BL/6,4,Cerebellum,22,12655,chitinase-like 3,ENSMUSG00000040809,Chi3l3,3,protein_coding,NA,CHIA,6.087462841250339
Gm20751,GSM2545344,75,Mus musculus,8,Female,InfluenzaA,C57BL/6,4,Cerebellum,22,622552,"predicted gene, 20751",ENSMUSG00000110016,NA,13,lncRNA,NA,NA,6.247927513443585
Cirbp,GSM2545344,2398,Mus musculus,8,Female,InfluenzaA,C57BL/6,4,Cerebellum,22,12696,"cold inducible RNA binding protein, transcript variant X2",ENSMUSG00000045193,Cirp,10,protein_coding,abnormal cell cycle,CIRBP,11.228217442293435
Slc17a9,GSM2545344,18,Mus musculus,8,Female,InfluenzaA,C57BL/6,4,Cerebellum,22,228993,"solute carrier family 17, member 9, transcript variant X4",ENSMUSG00000023393,1700019H03Rik,2,protein_coding,abnormal eye morphology,SLC17A9,4.247927513443585
Tac4,GSM2545344,14,Mus musculus,8,Female,InfluenzaA,C57BL/6,4,Cerebellum,22,93670,tachykinin 4,ENSMUSG00000020872,hemokinin I (HK-1),11,protein_coding,increased pro-B cell number,TAC4,3.9068905956085187
Prr15,GSM2545344,31,Mus musculus,8,Female,InfluenzaA,C57BL/6,4,Cerebellum,22,78004,proline rich 15,ENSMUSG00000045725,E130201N16Rik,6,protein_coding,NA,PRR15,5
Bst1,GSM2545344,16,Mus musculus,8,Female,InfluenzaA,C57BL/6,4,Cerebellum,22,12182,"bone marrow stromal cell antigen 1, transcript variant X1",ENSMUSG00000029082,114/A10,5,protein_coding,abnormal B cell physiology,BST1,4.087462841250339
Plin4,GSM2545344,825,Mus musculus,8,Female,InfluenzaA,C57BL/6,4,Cerebellum,22,57435,"perilipin 4, transcript variant X5",ENSMUSG00000002831,S3-12,17,protein_coding,abnormal auditory brainstem response,PLIN4,9.689997971419446
Acr,GSM2545344,41,Mus musculus,8,Female,InfluenzaA,C57BL/6,4,Cerebellum,22,11434,"acrosin prepropeptide, transcript variant X2",ENSMUSG00000022622,preproacrosin,15,protein_coding,delayed fertilization,ACR,5.392317422778761
Gpx3,GSM2545344,495,Mus musculus,8,Female,InfluenzaA,C57BL/6,4,Cerebellum,22,14778,glutathione peroxidase 3,ENSMUSG00000018339,EGPx,11,protein_coding,prenatal lethality prior to heart atrial septation,GPX3,8.954196310386875
Vsx2,GSM2545344,10,Mus musculus,8,Female,InfluenzaA,C57BL/6,4,Cerebellum,22,12677,"visual system homeobox 2, transcript variant 1",ENSMUSG00000021239,Chx10,12,protein_coding,Harderian gland hypertrophy,VSX2,3.4594316186372973
Fbln5,GSM2545345,547,Mus musculus,8,Male,InfluenzaA,C57BL/6,4,Cerebellum,13,23876,fibulin 5,ENSMUSG00000021186,EVEC,12,protein_coding,abnormal aorta elastic fiber morphology,FBLN5,9.098032082960527
Tssk5,GSM2545345,149,Mus musculus,8,Male,InfluenzaA,C57BL/6,4,Cerebellum,13,73542,testis-specific serine kinase 5,ENSMUSG00000060794,1700091F14Rik,15,protein_coding,decreased leukocyte cell number,NA,7.22881869049588
Pla2g3,GSM2545345,250,Mus musculus,8,Male,InfluenzaA,C57BL/6,4,Cerebellum,13,237625,"phospholipase A2, group III, transcript variant X2",ENSMUSG00000034579,9130003P18Rik,11,protein_coding,abnormal acrosome morphology,PLA2G3,7.971543553950772
Vmn2r1,GSM2545345,45,Mus musculus,8,Male,InfluenzaA,C57BL/6,4,Cerebellum,13,56544,"vomeronasal 2, receptor 1, transcript variant X1",ENSMUSG00000027824,EG56544,3,protein_coding,abnormal vomeronasal organ morphology,NA,5.523561956057013
Ncmap,GSM2545345,39,Mus musculus,8,Male,InfluenzaA,C57BL/6,4,Cerebellum,13,230822,"noncompact myelin associated protein, transcript variant 1",ENSMUSG00000043924,A330049M08Rik,4,protein_coding,NA,NCMAP,5.321928094887363
Sult1a1,GSM2545345,921,Mus musculus,8,Male,InfluenzaA,C57BL/6,4,Cerebellum,13,20887,"sulfotransferase family 1A, phenol-preferring, member 1, transcript variant X1",ENSMUSG00000030711,PST,7,protein_coding,abnormal blood homeostasis,NA,9.848622940429339
Aipl1,GSM2545345,13,Mus musculus,8,Male,InfluenzaA,C57BL/6,4,Cerebellum,13,114230,"aryl hydrocarbon receptor-interacting protein-like 1, transcript variant X5",ENSMUSG00000040554,A930007I01Rik,11,protein_coding,abnormal Muller cell morphology,AIPL1,3.807354922057604
Gbp4,GSM2545345,94,Mus musculus,8,Male,InfluenzaA,C57BL/6,4,Cerebellum,13,17472,"guanylate binding protein 4, transcript variant X6",ENSMUSG00000079363,Mag-2,5,protein_coding,decreased circulating alkaline phosphatase level,GBP6,6.569855608330948
Pla2g4e,GSM2545345,324,Mus musculus,8,Male,InfluenzaA,C57BL/6,4,Cerebellum,13,329502,"phospholipase A2, group IVE, transcript variant X4",ENSMUSG00000050211,2310026J01Rik,2,protein_coding,abnormal coat appearance,PLA2G4E,8.344295907915816
Chil3,GSM2545345,20,Mus musculus,8,Male,InfluenzaA,C57BL/6,4,Cerebellum,13,12655,chitinase-like 3,ENSMUSG00000040809,Chi3l3,3,protein_coding,NA,CHIA,4.392317422778761
Gm20751,GSM2545345,81,Mus musculus,8,Male,InfluenzaA,C57BL/6,4,Cerebellum,13,622552,"predicted gene, 20751",ENSMUSG00000110016,NA,13,lncRNA,NA,NA,6.357552004618084
Cirbp,GSM2545345,2490,Mus musculus,8,Male,InfluenzaA,C57BL/6,4,Cerebellum,13,12696,"cold inducible RNA binding protein, transcript variant X2",ENSMUSG00000045193,Cirp,10,protein_coding,abnormal cell cycle,CIRBP,11.282509306240836
Slc17a9,GSM2545345,21,Mus musculus,8,Male,InfluenzaA,C57BL/6,4,Cerebellum,13,228993,"solute carrier family 17, member 9, transcript variant X4",ENSMUSG00000023393,1700019H03Rik,2,protein_coding,abnormal eye morphology,SLC17A9,4.459431618637297
Tac4,GSM2545345,21,Mus musculus,8,Male,InfluenzaA,C57BL/6,4,Cerebellum,13,93670,tachykinin 4,ENSMUSG00000020872,hemokinin I (HK-1),11,protein_coding,increased pro-B cell number,TAC4,4.459431618637297
Prr15,GSM2545345,42,Mus musculus,8,Male,InfluenzaA,C57BL/6,4,Cerebellum,13,78004,proline rich 15,ENSMUSG00000045725,E130201N16Rik,6,protein_coding,NA,PRR15,5.426264754702098
Bst1,GSM2545345,5,Mus musculus,8,Male,InfluenzaA,C57BL/6,4,Cerebellum,13,12182,"bone marrow stromal cell antigen 1, transcript variant X1",ENSMUSG00000029082,114/A10,5,protein_coding,abnormal B cell physiology,BST1,2.584962500721156
Plin4,GSM2545345,1319,Mus musculus,8,Male,InfluenzaA,C57BL/6,4,Cerebellum,13,57435,"perilipin 4, transcript variant X5",ENSMUSG00000002831,S3-12,17,protein_coding,abnormal auditory brainstem response,PLIN4,10.366322214245816
Acr,GSM2545345,27,Mus musculus,8,Male,InfluenzaA,C57BL/6,4,Cerebellum,13,11434,"acrosin prepropeptide, transcript variant X2",ENSMUSG00000022622,preproacrosin,15,protein_coding,delayed fertilization,ACR,4.807354922057604
Gpx3,GSM2545345,340,Mus musculus,8,Male,InfluenzaA,C57BL/6,4,Cerebellum,13,14778,glutathione peroxidase 3,ENSMUSG00000018339,EGPx,11,protein_coding,prenatal lethality prior to heart atrial septation,GPX3,8.413627929024173
Vsx2,GSM2545345,0,Mus musculus,8,Male,InfluenzaA,C57BL/6,4,Cerebellum,13,12677,"visual system homeobox 2, transcript variant 1",ENSMUSG00000021239,Chx10,12,protein_coding,Harderian gland hypertrophy,VSX2,0
Fbln5,GSM2545346,1153,Mus musculus,8,Male,InfluenzaA,C57BL/6,8,Cerebellum,23,23876,fibulin 5,ENSMUSG00000021186,EVEC,12,protein_coding,abnormal aorta elastic fiber morphology,FBLN5,10.172427508645482
Tssk5,GSM2545346,240,Mus musculus,8,Male,InfluenzaA,C57BL/6,8,Cerebellum,23,73542,testis-specific serine kinase 5,ENSMUSG00000060794,1700091F14Rik,15,protein_coding,decreased leukocyte cell number,NA,7.912889336229962
Pla2g3,GSM2545346,370,Mus musculus,8,Male,InfluenzaA,C57BL/6,8,Cerebellum,23,237625,"phospholipase A2, group III, transcript variant X2",ENSMUSG00000034579,9130003P18Rik,11,protein_coding,abnormal acrosome morphology,PLA2G3,8.535275376620802
Vmn2r1,GSM2545346,125,Mus musculus,8,Male,InfluenzaA,C57BL/6,8,Cerebellum,23,56544,"vomeronasal 2, receptor 1, transcript variant X1",ENSMUSG00000027824,EG56544,3,protein_coding,abnormal vomeronasal organ morphology,NA,6.977279923499917
Ncmap,GSM2545346,123,Mus musculus,8,Male,InfluenzaA,C57BL/6,8,Cerebellum,23,230822,"noncompact myelin associated protein, transcript variant 1",ENSMUSG00000043924,A330049M08Rik,4,protein_coding,NA,NCMAP,6.954196310386875
Sult1a1,GSM2545346,1413,Mus musculus,8,Male,InfluenzaA,C57BL/6,8,Cerebellum,23,20887,"sulfotransferase family 1A, phenol-preferring, member 1, transcript variant X1",ENSMUSG00000030711,PST,7,protein_coding,abnormal blood homeostasis,NA,10.4655664048094
Aipl1,GSM2545346,72,Mus musculus,8,Male,InfluenzaA,C57BL/6,8,Cerebellum,23,114230,"aryl hydrocarbon receptor-interacting protein-like 1, transcript variant X5",ENSMUSG00000040554,A930007I01Rik,11,protein_coding,abnormal Muller cell morphology,AIPL1,6.189824558880018
Gbp4,GSM2545346,549,Mus musculus,8,Male,InfluenzaA,C57BL/6,8,Cerebellum,23,17472,"guanylate binding protein 4, transcript variant X6",ENSMUSG00000079363,Mag-2,5,protein_coding,decreased circulating alkaline phosphatase level,GBP6,9.103287808412022
Pla2g4e,GSM2545346,814,Mus musculus,8,Male,InfluenzaA,C57BL/6,8,Cerebellum,23,329502,"phospholipase A2, group IVE, transcript variant X4",ENSMUSG00000050211,2310026J01Rik,2,protein_coding,abnormal coat appearance,PLA2G4E,9.67065624911844
Chil3,GSM2545346,130,Mus musculus,8,Male,InfluenzaA,C57BL/6,8,Cerebellum,23,12655,chitinase-like 3,ENSMUSG00000040809,Chi3l3,3,protein_coding,NA,CHIA,7.03342300153745
Gm20751,GSM2545346,197,Mus musculus,8,Male,InfluenzaA,C57BL/6,8,Cerebellum,23,622552,"predicted gene, 20751",ENSMUSG00000110016,NA,13,lncRNA,NA,NA,7.6293566200796095
Cirbp,GSM2545346,5614,Mus musculus,8,Male,InfluenzaA,C57BL/6,8,Cerebellum,23,12696,"cold inducible RNA binding protein, transcript variant X2",ENSMUSG00000045193,Cirp,10,protein_coding,abnormal cell cycle,CIRBP,12.455070307287963
Slc17a9,GSM2545346,66,Mus musculus,8,Male,InfluenzaA,C57BL/6,8,Cerebellum,23,228993,"solute carrier family 17, member 9, transcript variant X4",ENSMUSG00000023393,1700019H03Rik,2,protein_coding,abnormal eye morphology,SLC17A9,6.066089190457772
Tac4,GSM2545346,42,Mus musculus,8,Male,InfluenzaA,C57BL/6,8,Cerebellum,23,93670,tachykinin 4,ENSMUSG00000020872,hemokinin I (HK-1),11,protein_coding,increased pro-B cell number,TAC4,5.426264754702098
Prr15,GSM2545346,95,Mus musculus,8,Male,InfluenzaA,C57BL/6,8,Cerebellum,23,78004,proline rich 15,ENSMUSG00000045725,E130201N16Rik,6,protein_coding,NA,PRR15,6.584962500721156
Bst1,GSM2545346,23,Mus musculus,8,Male,InfluenzaA,C57BL/6,8,Cerebellum,23,12182,"bone marrow stromal cell antigen 1, transcript variant X1",ENSMUSG00000029082,114/A10,5,protein_coding,abnormal B cell physiology,BST1,4.584962500721156
Plin4,GSM2545346,1537,Mus musculus,8,Male,InfluenzaA,C57BL/6,8,Cerebellum,23,57435,"perilipin 4, transcript variant X5",ENSMUSG00000002831,S3-12,17,protein_coding,abnormal auditory brainstem response,PLIN4,10.586839787961827
Acr,GSM2545346,128,Mus musculus,8,Male,InfluenzaA,C57BL/6,8,Cerebellum,23,11434,"acrosin prepropeptide, transcript variant X2",ENSMUSG00000022622,preproacrosin,15,protein_coding,delayed fertilization,ACR,7.011227255423254
Gpx3,GSM2545346,1004,Mus musculus,8,Male,InfluenzaA,C57BL/6,8,Cerebellum,23,14778,glutathione peroxidase 3,ENSMUSG00000018339,EGPx,11,protein_coding,prenatal lethality prior to heart atrial septation,GPX3,9.972979786066292
Vsx2,GSM2545346,2,Mus musculus,8,Male,InfluenzaA,C57BL/6,8,Cerebellum,23,12677,"visual system homeobox 2, transcript variant 1",ENSMUSG00000021239,Chx10,12,protein_coding,Harderian gland hypertrophy,VSX2,1.584962500721156
Fbln5,GSM2545347,2529,Mus musculus,8,Male,InfluenzaA,C57BL/6,8,Cerebellum,24,23876,fibulin 5,ENSMUSG00000021186,EVEC,12,protein_coding,abnormal aorta elastic fiber morphology,FBLN5,11.304921669581672
Tssk5,GSM2545347,284,Mus musculus,8,Male,InfluenzaA,C57BL/6,8,Cerebellum,24,73542,testis-specific serine kinase 5,ENSMUSG00000060794,1700091F14Rik,15,protein_coding,decreased leukocyte cell number,NA,8.154818109052105
Pla2g3,GSM2545347,387,Mus musculus,8,Male,InfluenzaA,C57BL/6,8,Cerebellum,24,237625,"phospholipase A2, group III, transcript variant X2",ENSMUSG00000034579,9130003P18Rik,11,protein_coding,abnormal acrosome morphology,PLA2G3,8.599912842187127
Vmn2r1,GSM2545347,103,Mus musculus,8,Male,InfluenzaA,C57BL/6,8,Cerebellum,24,56544,"vomeronasal 2, receptor 1, transcript variant X1",ENSMUSG00000027824,EG56544,3,protein_coding,abnormal vomeronasal organ morphology,NA,6.700439718141092
Ncmap,GSM2545347,132,Mus musculus,8,Male,InfluenzaA,C57BL/6,8,Cerebellum,24,230822,"noncompact myelin associated protein, transcript variant 1",ENSMUSG00000043924,A330049M08Rik,4,protein_coding,NA,NCMAP,7.05528243550119
Sult1a1,GSM2545347,1647,Mus musculus,8,Male,InfluenzaA,C57BL/6,8,Cerebellum,24,20887,"sulfotransferase family 1A, phenol-preferring, member 1, transcript variant X1",ENSMUSG00000030711,PST,7,protein_coding,abnormal blood homeostasis,NA,10.686500527183219
Aipl1,GSM2545347,90,Mus musculus,8,Male,InfluenzaA,C57BL/6,8,Cerebellum,24,114230,"aryl hydrocarbon receptor-interacting protein-like 1, transcript variant X5",ENSMUSG00000040554,A930007I01Rik,11,protein_coding,abnormal Muller cell morphology,AIPL1,6.507794640198696
Gbp4,GSM2545347,402,Mus musculus,8,Male,InfluenzaA,C57BL/6,8,Cerebellum,24,17472,"guanylate binding protein 4, transcript variant X6",ENSMUSG00000079363,Mag-2,5,protein_coding,decreased circulating alkaline phosphatase level,GBP6,8.654636028527968
Pla2g4e,GSM2545347,1037,Mus musculus,8,Male,InfluenzaA,C57BL/6,8,Cerebellum,24,329502,"phospholipase A2, group IVE, transcript variant X4",ENSMUSG00000050211,2310026J01Rik,2,protein_coding,abnormal coat appearance,PLA2G4E,10.019590728357882
Chil3,GSM2545347,98,Mus musculus,8,Male,InfluenzaA,C57BL/6,8,Cerebellum,24,12655,chitinase-like 3,ENSMUSG00000040809,Chi3l3,3,protein_coding,NA,CHIA,6.6293566200796095
Gm20751,GSM2545347,245,Mus musculus,8,Male,InfluenzaA,C57BL/6,8,Cerebellum,24,622552,"predicted gene, 20751",ENSMUSG00000110016,NA,13,lncRNA,NA,NA,7.94251450533924
Cirbp,GSM2545347,6189,Mus musculus,8,Male,InfluenzaA,C57BL/6,8,Cerebellum,24,12696,"cold inducible RNA binding protein, transcript variant X2",ENSMUSG00000045193,Cirp,10,protein_coding,abnormal cell cycle,CIRBP,12.595723694101627
Slc17a9,GSM2545347,82,Mus musculus,8,Male,InfluenzaA,C57BL/6,8,Cerebellum,24,228993,"solute carrier family 17, member 9, transcript variant X4",ENSMUSG00000023393,1700019H03Rik,2,protein_coding,abnormal eye morphology,SLC17A9,6.3750394313469245
Tac4,GSM2545347,39,Mus musculus,8,Male,InfluenzaA,C57BL/6,8,Cerebellum,24,93670,tachykinin 4,ENSMUSG00000020872,hemokinin I (HK-1),11,protein_coding,increased pro-B cell number,TAC4,5.321928094887363
Prr15,GSM2545347,100,Mus musculus,8,Male,InfluenzaA,C57BL/6,8,Cerebellum,24,78004,proline rich 15,ENSMUSG00000045725,E130201N16Rik,6,protein_coding,NA,PRR15,6.658211482751795
Bst1,GSM2545347,51,Mus musculus,8,Male,InfluenzaA,C57BL/6,8,Cerebellum,24,12182,"bone marrow stromal cell antigen 1, transcript variant X1",ENSMUSG00000029082,114/A10,5,protein_coding,abnormal B cell physiology,BST1,5.700439718141092
Plin4,GSM2545347,1721,Mus musculus,8,Male,InfluenzaA,C57BL/6,8,Cerebellum,24,57435,"perilipin 4, transcript variant X5",ENSMUSG00000002831,S3-12,17,protein_coding,abnormal auditory brainstem response,PLIN4,10.749869427396844
Acr,GSM2545347,156,Mus musculus,8,Male,InfluenzaA,C57BL/6,8,Cerebellum,24,11434,"acrosin prepropeptide, transcript variant X2",ENSMUSG00000022622,preproacrosin,15,protein_coding,delayed fertilization,ACR,7.294620748891627
Gpx3,GSM2545347,1620,Mus musculus,8,Male,InfluenzaA,C57BL/6,8,Cerebellum,24,14778,glutathione peroxidase 3,ENSMUSG00000018339,EGPx,11,protein_coding,prenatal lethality prior to heart atrial septation,GPX3,10.66266837551754
Vsx2,GSM2545347,6,Mus musculus,8,Male,InfluenzaA,C57BL/6,8,Cerebellum,24,12677,"visual system homeobox 2, transcript variant 1",ENSMUSG00000021239,Chx10,12,protein_coding,Harderian gland hypertrophy,VSX2,2.807354922057604
Fbln5,GSM2545348,475,Mus musculus,8,Female,NonInfected,C57BL/6,0,Cerebellum,8,23876,fibulin 5,ENSMUSG00000021186,EVEC,12,protein_coding,abnormal aorta elastic fiber morphology,FBLN5,8.894817763307943
Tssk5,GSM2545348,108,Mus musculus,8,Female,NonInfected,C57BL/6,0,Cerebellum,8,73542,testis-specific serine kinase 5,ENSMUSG00000060794,1700091F14Rik,15,protein_coding,decreased leukocyte cell number,NA,6.768184324776926
Pla2g3,GSM2545348,140,Mus musculus,8,Female,NonInfected,C57BL/6,0,Cerebellum,8,237625,"phospholipase A2, group III, transcript variant X2",ENSMUSG00000034579,9130003P18Rik,11,protein_coding,abnormal acrosome morphology,PLA2G3,7.139551352398794
Vmn2r1,GSM2545348,35,Mus musculus,8,Female,NonInfected,C57BL/6,0,Cerebellum,8,56544,"vomeronasal 2, receptor 1, transcript variant X1",ENSMUSG00000027824,EG56544,3,protein_coding,abnormal vomeronasal organ morphology,NA,5.169925001442312
Ncmap,GSM2545348,52,Mus musculus,8,Female,NonInfected,C57BL/6,0,Cerebellum,8,230822,"noncompact myelin associated protein, transcript variant 1",ENSMUSG00000043924,A330049M08Rik,4,protein_coding,NA,NCMAP,5.727920454563199
Sult1a1,GSM2545348,633,Mus musculus,8,Female,NonInfected,C57BL/6,0,Cerebellum,8,20887,"sulfotransferase family 1A, phenol-preferring, member 1, transcript variant X1",ENSMUSG00000030711,PST,7,protein_coding,abnormal blood homeostasis,NA,9.308339030139408
Aipl1,GSM2545348,13,Mus musculus,8,Female,NonInfected,C57BL/6,0,Cerebellum,8,114230,"aryl hydrocarbon receptor-interacting protein-like 1, transcript variant X5",ENSMUSG00000040554,A930007I01Rik,11,protein_coding,abnormal Muller cell morphology,AIPL1,3.807354922057604
Gbp4,GSM2545348,85,Mus musculus,8,Female,NonInfected,C57BL/6,0,Cerebellum,8,17472,"guanylate binding protein 4, transcript variant X6",ENSMUSG00000079363,Mag-2,5,protein_coding,decreased circulating alkaline phosphatase level,GBP6,6.426264754702098
Pla2g4e,GSM2545348,319,Mus musculus,8,Female,NonInfected,C57BL/6,0,Cerebellum,8,329502,"phospholipase A2, group IVE, transcript variant X4",ENSMUSG00000050211,2310026J01Rik,2,protein_coding,abnormal coat appearance,PLA2G4E,8.321928094887362
Chil3,GSM2545348,20,Mus musculus,8,Female,NonInfected,C57BL/6,0,Cerebellum,8,12655,chitinase-like 3,ENSMUSG00000040809,Chi3l3,3,protein_coding,NA,CHIA,4.392317422778761
Gm20751,GSM2545348,83,Mus musculus,8,Female,NonInfected,C57BL/6,0,Cerebellum,8,622552,"predicted gene, 20751",ENSMUSG00000110016,NA,13,lncRNA,NA,NA,6.392317422778761
Cirbp,GSM2545348,2575,Mus musculus,8,Female,NonInfected,C57BL/6,0,Cerebellum,8,12696,"cold inducible RNA binding protein, transcript variant X2",ENSMUSG00000045193,Cirp,10,protein_coding,abnormal cell cycle,CIRBP,11.330916878114618
Slc17a9,GSM2545348,18,Mus musculus,8,Female,NonInfected,C57BL/6,0,Cerebellum,8,228993,"solute carrier family 17, member 9, transcript variant X4",ENSMUSG00000023393,1700019H03Rik,2,protein_coding,abnormal eye morphology,SLC17A9,4.247927513443585
Tac4,GSM2545348,11,Mus musculus,8,Female,NonInfected,C57BL/6,0,Cerebellum,8,93670,tachykinin 4,ENSMUSG00000020872,hemokinin I (HK-1),11,protein_coding,increased pro-B cell number,TAC4,3.584962500721156
Prr15,GSM2545348,37,Mus musculus,8,Female,NonInfected,C57BL/6,0,Cerebellum,8,78004,proline rich 15,ENSMUSG00000045725,E130201N16Rik,6,protein_coding,NA,PRR15,5.247927513443585
Bst1,GSM2545348,7,Mus musculus,8,Female,NonInfected,C57BL/6,0,Cerebellum,8,12182,"bone marrow stromal cell antigen 1, transcript variant X1",ENSMUSG00000029082,114/A10,5,protein_coding,abnormal B cell physiology,BST1,3
Plin4,GSM2545348,462,Mus musculus,8,Female,NonInfected,C57BL/6,0,Cerebellum,8,57435,"perilipin 4, transcript variant X5",ENSMUSG00000002831,S3-12,17,protein_coding,abnormal auditory brainstem response,PLIN4,8.854868383260236
Acr,GSM2545348,41,Mus musculus,8,Female,NonInfected,C57BL/6,0,Cerebellum,8,11434,"acrosin prepropeptide, transcript variant X2",ENSMUSG00000022622,preproacrosin,15,protein_coding,delayed fertilization,ACR,5.392317422778761
Gpx3,GSM2545348,297,Mus musculus,8,Female,NonInfected,C57BL/6,0,Cerebellum,8,14778,glutathione peroxidase 3,ENSMUSG00000018339,EGPx,11,protein_coding,prenatal lethality prior to heart atrial septation,GPX3,8.219168520462162
Vsx2,GSM2545348,1,Mus musculus,8,Female,NonInfected,C57BL/6,0,Cerebellum,8,12677,"visual system homeobox 2, transcript variant 1",ENSMUSG00000021239,Chx10,12,protein_coding,Harderian gland hypertrophy,VSX2,1
Fbln5,GSM2545349,413,Mus musculus,8,Male,NonInfected,C57BL/6,0,Cerebellum,7,23876,fibulin 5,ENSMUSG00000021186,EVEC,12,protein_coding,abnormal aorta elastic fiber morphology,FBLN5,8.693486957499326
Tssk5,GSM2545349,85,Mus musculus,8,Male,NonInfected,C57BL/6,0,Cerebellum,7,73542,testis-specific serine kinase 5,ENSMUSG00000060794,1700091F14Rik,15,protein_coding,decreased leukocyte cell number,NA,6.426264754702098
Pla2g3,GSM2545349,101,Mus musculus,8,Male,NonInfected,C57BL/6,0,Cerebellum,7,237625,"phospholipase A2, group III, transcript variant X2",ENSMUSG00000034579,9130003P18Rik,11,protein_coding,abnormal acrosome morphology,PLA2G3,6.672425341971495
Vmn2r1,GSM2545349,34,Mus musculus,8,Male,NonInfected,C57BL/6,0,Cerebellum,7,56544,"vomeronasal 2, receptor 1, transcript variant X1",ENSMUSG00000027824,EG56544,3,protein_coding,abnormal vomeronasal organ morphology,NA,5.129283016944966
Ncmap,GSM2545349,44,Mus musculus,8,Male,NonInfected,C57BL/6,0,Cerebellum,7,230822,"noncompact myelin associated protein, transcript variant 1",ENSMUSG00000043924,A330049M08Rik,4,protein_coding,NA,NCMAP,5.491853096329675
Sult1a1,GSM2545349,383,Mus musculus,8,Male,NonInfected,C57BL/6,0,Cerebellum,7,20887,"sulfotransferase family 1A, phenol-preferring, member 1, transcript variant X1",ENSMUSG00000030711,PST,7,protein_coding,abnormal blood homeostasis,NA,8.584962500721156
Aipl1,GSM2545349,14,Mus musculus,8,Male,NonInfected,C57BL/6,0,Cerebellum,7,114230,"aryl hydrocarbon receptor-interacting protein-like 1, transcript variant X5",ENSMUSG00000040554,A930007I01Rik,11,protein_coding,abnormal Muller cell morphology,AIPL1,3.9068905956085187
Gbp4,GSM2545349,160,Mus musculus,8,Male,NonInfected,C57BL/6,0,Cerebellum,7,17472,"guanylate binding protein 4, transcript variant X6",ENSMUSG00000079363,Mag-2,5,protein_coding,decreased circulating alkaline phosphatase level,GBP6,7.330916878114617
Pla2g4e,GSM2545349,319,Mus musculus,8,Male,NonInfected,C57BL/6,0,Cerebellum,7,329502,"phospholipase A2, group IVE, transcript variant X4",ENSMUSG00000050211,2310026J01Rik,2,protein_coding,abnormal coat appearance,PLA2G4E,8.321928094887362
Chil3,GSM2545349,8,Mus musculus,8,Male,NonInfected,C57BL/6,0,Cerebellum,7,12655,chitinase-like 3,ENSMUSG00000040809,Chi3l3,3,protein_coding,NA,CHIA,3.169925001442312
Gm20751,GSM2545349,94,Mus musculus,8,Male,NonInfected,C57BL/6,0,Cerebellum,7,622552,"predicted gene, 20751",ENSMUSG00000110016,NA,13,lncRNA,NA,NA,6.569855608330948
Cirbp,GSM2545349,2847,Mus musculus,8,Male,NonInfected,C57BL/6,0,Cerebellum,7,12696,"cold inducible RNA binding protein, transcript variant X2",ENSMUSG00000045193,Cirp,10,protein_coding,abnormal cell cycle,CIRBP,11.475733430966399
Slc17a9,GSM2545349,24,Mus musculus,8,Male,NonInfected,C57BL/6,0,Cerebellum,7,228993,"solute carrier family 17, member 9, transcript variant X4",ENSMUSG00000023393,1700019H03Rik,2,protein_coding,abnormal eye morphology,SLC17A9,4.643856189774724
Tac4,GSM2545349,13,Mus musculus,8,Male,NonInfected,C57BL/6,0,Cerebellum,7,93670,tachykinin 4,ENSMUSG00000020872,hemokinin I (HK-1),11,protein_coding,increased pro-B cell number,TAC4,3.807354922057604
Prr15,GSM2545349,30,Mus musculus,8,Male,NonInfected,C57BL/6,0,Cerebellum,7,78004,proline rich 15,ENSMUSG00000045725,E130201N16Rik,6,protein_coding,NA,PRR15,4.954196310386875
Bst1,GSM2545349,10,Mus musculus,8,Male,NonInfected,C57BL/6,0,Cerebellum,7,12182,"bone marrow stromal cell antigen 1, transcript variant X1",ENSMUSG00000029082,114/A10,5,protein_coding,abnormal B cell physiology,BST1,3.4594316186372973
Plin4,GSM2545349,241,Mus musculus,8,Male,NonInfected,C57BL/6,0,Cerebellum,7,57435,"perilipin 4, transcript variant X5",ENSMUSG00000002831,S3-12,17,protein_coding,abnormal auditory brainstem response,PLIN4,7.918863237274595
Acr,GSM2545349,39,Mus musculus,8,Male,NonInfected,C57BL/6,0,Cerebellum,7,11434,"acrosin prepropeptide, transcript variant X2",ENSMUSG00000022622,preproacrosin,15,protein_coding,delayed fertilization,ACR,5.321928094887363
Gpx3,GSM2545349,215,Mus musculus,8,Male,NonInfected,C57BL/6,0,Cerebellum,7,14778,glutathione peroxidase 3,ENSMUSG00000018339,EGPx,11,protein_coding,prenatal lethality prior to heart atrial septation,GPX3,7.754887502163468
Vsx2,GSM2545349,1,Mus musculus,8,Male,NonInfected,C57BL/6,0,Cerebellum,7,12677,"visual system homeobox 2, transcript variant 1",ENSMUSG00000021239,Chx10,12,protein_coding,Harderian gland hypertrophy,VSX2,1
Fbln5,GSM2545350,625,Mus musculus,8,Male,InfluenzaA,C57BL/6,4,Cerebellum,1,23876,fibulin 5,ENSMUSG00000021186,EVEC,12,protein_coding,abnormal aorta elastic fiber morphology,FBLN5,9.290018846932618
Tssk5,GSM2545350,89,Mus musculus,8,Male,InfluenzaA,C57BL/6,4,Cerebellum,1,73542,testis-specific serine kinase 5,ENSMUSG00000060794,1700091F14Rik,15,protein_coding,decreased leukocyte cell number,NA,6.491853096329675
Pla2g3,GSM2545350,170,Mus musculus,8,Male,InfluenzaA,C57BL/6,4,Cerebellum,1,237625,"phospholipase A2, group III, transcript variant X2",ENSMUSG00000034579,9130003P18Rik,11,protein_coding,abnormal acrosome morphology,PLA2G3,7.417852514885898
Vmn2r1,GSM2545350,46,Mus musculus,8,Male,InfluenzaA,C57BL/6,4,Cerebellum,1,56544,"vomeronasal 2, receptor 1, transcript variant X1",ENSMUSG00000027824,EG56544,3,protein_coding,abnormal vomeronasal organ morphology,NA,5.554588851677638
Ncmap,GSM2545350,69,Mus musculus,8,Male,InfluenzaA,C57BL/6,4,Cerebellum,1,230822,"noncompact myelin associated protein, transcript variant 1",ENSMUSG00000043924,A330049M08Rik,4,protein_coding,NA,NCMAP,6.129283016944966
Sult1a1,GSM2545350,734,Mus musculus,8,Male,InfluenzaA,C57BL/6,4,Cerebellum,1,20887,"sulfotransferase family 1A, phenol-preferring, member 1, transcript variant X1",ENSMUSG00000030711,PST,7,protein_coding,abnormal blood homeostasis,NA,9.521600439723727
Aipl1,GSM2545350,7,Mus musculus,8,Male,InfluenzaA,C57BL/6,4,Cerebellum,1,114230,"aryl hydrocarbon receptor-interacting protein-like 1, transcript variant X5",ENSMUSG00000040554,A930007I01Rik,11,protein_coding,abnormal Muller cell morphology,AIPL1,3
Gbp4,GSM2545350,150,Mus musculus,8,Male,InfluenzaA,C57BL/6,4,Cerebellum,1,17472,"guanylate binding protein 4, transcript variant X6",ENSMUSG00000079363,Mag-2,5,protein_coding,decreased circulating alkaline phosphatase level,GBP6,7.2384047393250786
Pla2g4e,GSM2545350,316,Mus musculus,8,Male,InfluenzaA,C57BL/6,4,Cerebellum,1,329502,"phospholipase A2, group IVE, transcript variant X4",ENSMUSG00000050211,2310026J01Rik,2,protein_coding,abnormal coat appearance,PLA2G4E,8.308339030139408
Chil3,GSM2545350,28,Mus musculus,8,Male,InfluenzaA,C57BL/6,4,Cerebellum,1,12655,chitinase-like 3,ENSMUSG00000040809,Chi3l3,3,protein_coding,NA,CHIA,4.857980995127572
Gm20751,GSM2545350,79,Mus musculus,8,Male,InfluenzaA,C57BL/6,4,Cerebellum,1,622552,"predicted gene, 20751",ENSMUSG00000110016,NA,13,lncRNA,NA,NA,6.321928094887363
Cirbp,GSM2545350,2305,Mus musculus,8,Male,InfluenzaA,C57BL/6,4,Cerebellum,1,12696,"cold inducible RNA binding protein, transcript variant X2",ENSMUSG00000045193,Cirp,10,protein_coding,abnormal cell cycle,CIRBP,11.171176797651771
Slc17a9,GSM2545350,19,Mus musculus,8,Male,InfluenzaA,C57BL/6,4,Cerebellum,1,228993,"solute carrier family 17, member 9, transcript variant X4",ENSMUSG00000023393,1700019H03Rik,2,protein_coding,abnormal eye morphology,SLC17A9,4.321928094887363
Tac4,GSM2545350,31,Mus musculus,8,Male,InfluenzaA,C57BL/6,4,Cerebellum,1,93670,tachykinin 4,ENSMUSG00000020872,hemokinin I (HK-1),11,protein_coding,increased pro-B cell number,TAC4,5
Prr15,GSM2545350,29,Mus musculus,8,Male,InfluenzaA,C57BL/6,4,Cerebellum,1,78004,proline rich 15,ENSMUSG00000045725,E130201N16Rik,6,protein_coding,NA,PRR15,4.906890595608519
Bst1,GSM2545350,21,Mus musculus,8,Male,InfluenzaA,C57BL/6,4,Cerebellum,1,12182,"bone marrow stromal cell antigen 1, transcript variant X1",ENSMUSG00000029082,114/A10,5,protein_coding,abnormal B cell physiology,BST1,4.459431618637297
Plin4,GSM2545350,777,Mus musculus,8,Male,InfluenzaA,C57BL/6,4,Cerebellum,1,57435,"perilipin 4, transcript variant X5",ENSMUSG00000002831,S3-12,17,protein_coding,abnormal auditory brainstem response,PLIN4,9.603626344986193
Acr,GSM2545350,22,Mus musculus,8,Male,InfluenzaA,C57BL/6,4,Cerebellum,1,11434,"acrosin prepropeptide, transcript variant X2",ENSMUSG00000022622,preproacrosin,15,protein_coding,delayed fertilization,ACR,4.523561956057013
Gpx3,GSM2545350,419,Mus musculus,8,Male,InfluenzaA,C57BL/6,4,Cerebellum,1,14778,glutathione peroxidase 3,ENSMUSG00000018339,EGPx,11,protein_coding,prenatal lethality prior to heart atrial septation,GPX3,8.714245517666123
Vsx2,GSM2545350,3,Mus musculus,8,Male,InfluenzaA,C57BL/6,4,Cerebellum,1,12677,"visual system homeobox 2, transcript variant 1",ENSMUSG00000021239,Chx10,12,protein_coding,Harderian gland hypertrophy,VSX2,2
Fbln5,GSM2545351,1289,Mus musculus,8,Female,InfluenzaA,C57BL/6,8,Cerebellum,16,23876,fibulin 5,ENSMUSG00000021186,EVEC,12,protein_coding,abnormal aorta elastic fiber morphology,FBLN5,10.333155350310616
Tssk5,GSM2545351,284,Mus musculus,8,Female,InfluenzaA,C57BL/6,8,Cerebellum,16,73542,testis-specific serine kinase 5,ENSMUSG00000060794,1700091F14Rik,15,protein_coding,decreased leukocyte cell number,NA,8.154818109052105
Pla2g3,GSM2545351,441,Mus musculus,8,Female,InfluenzaA,C57BL/6,8,Cerebellum,16,237625,"phospholipase A2, group III, transcript variant X2",ENSMUSG00000034579,9130003P18Rik,11,protein_coding,abnormal acrosome morphology,PLA2G3,8.787902559391432
Vmn2r1,GSM2545351,100,Mus musculus,8,Female,InfluenzaA,C57BL/6,8,Cerebellum,16,56544,"vomeronasal 2, receptor 1, transcript variant X1",ENSMUSG00000027824,EG56544,3,protein_coding,abnormal vomeronasal organ morphology,NA,6.658211482751795
Ncmap,GSM2545351,138,Mus musculus,8,Female,InfluenzaA,C57BL/6,8,Cerebellum,16,230822,"noncompact myelin associated protein, transcript variant 1",ENSMUSG00000043924,A330049M08Rik,4,protein_coding,NA,NCMAP,7.118941072723508
Sult1a1,GSM2545351,1456,Mus musculus,8,Female,InfluenzaA,C57BL/6,8,Cerebellum,16,20887,"sulfotransferase family 1A, phenol-preferring, member 1, transcript variant X1",ENSMUSG00000030711,PST,7,protein_coding,abnormal blood homeostasis,NA,10.508785162064513
Aipl1,GSM2545351,76,Mus musculus,8,Female,InfluenzaA,C57BL/6,8,Cerebellum,16,114230,"aryl hydrocarbon receptor-interacting protein-like 1, transcript variant X5",ENSMUSG00000040554,A930007I01Rik,11,protein_coding,abnormal Muller cell morphology,AIPL1,6.266786540694901
Gbp4,GSM2545351,769,Mus musculus,8,Female,InfluenzaA,C57BL/6,8,Cerebellum,16,17472,"guanylate binding protein 4, transcript variant X6",ENSMUSG00000079363,Mag-2,5,protein_coding,decreased circulating alkaline phosphatase level,GBP6,9.588714635582264
Pla2g4e,GSM2545351,911,Mus musculus,8,Female,InfluenzaA,C57BL/6,8,Cerebellum,16,329502,"phospholipase A2, group IVE, transcript variant X4",ENSMUSG00000050211,2310026J01Rik,2,protein_coding,abnormal coat appearance,PLA2G4E,9.832890014164741
Chil3,GSM2545351,159,Mus musculus,8,Female,InfluenzaA,C57BL/6,8,Cerebellum,16,12655,chitinase-like 3,ENSMUSG00000040809,Chi3l3,3,protein_coding,NA,CHIA,7.321928094887363
Gm20751,GSM2545351,218,Mus musculus,8,Female,InfluenzaA,C57BL/6,8,Cerebellum,16,622552,"predicted gene, 20751",ENSMUSG00000110016,NA,13,lncRNA,NA,NA,7.774787059601174
Cirbp,GSM2545351,6158,Mus musculus,8,Female,InfluenzaA,C57BL/6,8,Cerebellum,16,12696,"cold inducible RNA binding protein, transcript variant X2",ENSMUSG00000045193,Cirp,10,protein_coding,abnormal cell cycle,CIRBP,12.588480412829758
Slc17a9,GSM2545351,62,Mus musculus,8,Female,InfluenzaA,C57BL/6,8,Cerebellum,16,228993,"solute carrier family 17, member 9, transcript variant X4",ENSMUSG00000023393,1700019H03Rik,2,protein_coding,abnormal eye morphology,SLC17A9,5.977279923499917
Tac4,GSM2545351,33,Mus musculus,8,Female,InfluenzaA,C57BL/6,8,Cerebellum,16,93670,tachykinin 4,ENSMUSG00000020872,hemokinin I (HK-1),11,protein_coding,increased pro-B cell number,TAC4,5.087462841250339
Prr15,GSM2545351,107,Mus musculus,8,Female,InfluenzaA,C57BL/6,8,Cerebellum,16,78004,proline rich 15,ENSMUSG00000045725,E130201N16Rik,6,protein_coding,NA,PRR15,6.754887502163468
Bst1,GSM2545351,42,Mus musculus,8,Female,InfluenzaA,C57BL/6,8,Cerebellum,16,12182,"bone marrow stromal cell antigen 1, transcript variant X1",ENSMUSG00000029082,114/A10,5,protein_coding,abnormal B cell physiology,BST1,5.426264754702098
Plin4,GSM2545351,1770,Mus musculus,8,Female,InfluenzaA,C57BL/6,8,Cerebellum,16,57435,"perilipin 4, transcript variant X5",ENSMUSG00000002831,S3-12,17,protein_coding,abnormal auditory brainstem response,PLIN4,10.790348496751914
Acr,GSM2545351,136,Mus musculus,8,Female,InfluenzaA,C57BL/6,8,Cerebellum,16,11434,"acrosin prepropeptide, transcript variant X2",ENSMUSG00000022622,preproacrosin,15,protein_coding,delayed fertilization,ACR,7.098032082960526
Gpx3,GSM2545351,1042,Mus musculus,8,Female,InfluenzaA,C57BL/6,8,Cerebellum,16,14778,glutathione peroxidase 3,ENSMUSG00000018339,EGPx,11,protein_coding,prenatal lethality prior to heart atrial septation,GPX3,10.026523442519766
Vsx2,GSM2545351,34,Mus musculus,8,Female,InfluenzaA,C57BL/6,8,Cerebellum,16,12677,"visual system homeobox 2, transcript variant 1",ENSMUSG00000021239,Chx10,12,protein_coding,Harderian gland hypertrophy,VSX2,5.129283016944966
Fbln5,GSM2545352,714,Mus musculus,8,Female,InfluenzaA,C57BL/6,4,Cerebellum,21,23876,fibulin 5,ENSMUSG00000021186,EVEC,12,protein_coding,abnormal aorta elastic fiber morphology,FBLN5,9.481799431665753
Tssk5,GSM2545352,174,Mus musculus,8,Female,InfluenzaA,C57BL/6,4,Cerebellum,21,73542,testis-specific serine kinase 5,ENSMUSG00000060794,1700091F14Rik,15,protein_coding,decreased leukocyte cell number,NA,7.451211111832329
Pla2g3,GSM2545352,260,Mus musculus,8,Female,InfluenzaA,C57BL/6,4,Cerebellum,21,237625,"phospholipase A2, group III, transcript variant X2",ENSMUSG00000034579,9130003P18Rik,11,protein_coding,abnormal acrosome morphology,PLA2G3,8.027905996569885
Vmn2r1,GSM2545352,53,Mus musculus,8,Female,InfluenzaA,C57BL/6,4,Cerebellum,21,56544,"vomeronasal 2, receptor 1, transcript variant X1",ENSMUSG00000027824,EG56544,3,protein_coding,abnormal vomeronasal organ morphology,NA,5.754887502163468
Ncmap,GSM2545352,76,Mus musculus,8,Female,InfluenzaA,C57BL/6,4,Cerebellum,21,230822,"noncompact myelin associated protein, transcript variant 1",ENSMUSG00000043924,A330049M08Rik,4,protein_coding,NA,NCMAP,6.266786540694901
Sult1a1,GSM2545352,978,Mus musculus,8,Female,InfluenzaA,C57BL/6,4,Cerebellum,21,20887,"sulfotransferase family 1A, phenol-preferring, member 1, transcript variant X1",ENSMUSG00000030711,PST,7,protein_coding,abnormal blood homeostasis,NA,9.935165049603695
Aipl1,GSM2545352,21,Mus musculus,8,Female,InfluenzaA,C57BL/6,4,Cerebellum,21,114230,"aryl hydrocarbon receptor-interacting protein-like 1, transcript variant X5",ENSMUSG00000040554,A930007I01Rik,11,protein_coding,abnormal Muller cell morphology,AIPL1,4.459431618637297
Gbp4,GSM2545352,147,Mus musculus,8,Female,InfluenzaA,C57BL/6,4,Cerebellum,21,17472,"guanylate binding protein 4, transcript variant X6",ENSMUSG00000079363,Mag-2,5,protein_coding,decreased circulating alkaline phosphatase level,GBP6,7.20945336562895
Pla2g4e,GSM2545352,551,Mus musculus,8,Female,InfluenzaA,C57BL/6,4,Cerebellum,21,329502,"phospholipase A2, group IVE, transcript variant X4",ENSMUSG00000050211,2310026J01Rik,2,protein_coding,abnormal coat appearance,PLA2G4E,9.108524456778168
Chil3,GSM2545352,63,Mus musculus,8,Female,InfluenzaA,C57BL/6,4,Cerebellum,21,12655,chitinase-like 3,ENSMUSG00000040809,Chi3l3,3,protein_coding,NA,CHIA,6
Gm20751,GSM2545352,128,Mus musculus,8,Female,InfluenzaA,C57BL/6,4,Cerebellum,21,622552,"predicted gene, 20751",ENSMUSG00000110016,NA,13,lncRNA,NA,NA,7.011227255423254
Cirbp,GSM2545352,4790,Mus musculus,8,Female,InfluenzaA,C57BL/6,4,Cerebellum,21,12696,"cold inducible RNA binding protein, transcript variant X2",ENSMUSG00000045193,Cirp,10,protein_coding,abnormal cell cycle,CIRBP,12.226111098132389
Slc17a9,GSM2545352,32,Mus musculus,8,Female,InfluenzaA,C57BL/6,4,Cerebellum,21,228993,"solute carrier family 17, member 9, transcript variant X4",ENSMUSG00000023393,1700019H03Rik,2,protein_coding,abnormal eye morphology,SLC17A9,5.044394119358453
Tac4,GSM2545352,22,Mus musculus,8,Female,InfluenzaA,C57BL/6,4,Cerebellum,21,93670,tachykinin 4,ENSMUSG00000020872,hemokinin I (HK-1),11,protein_coding,increased pro-B cell number,TAC4,4.523561956057013
Prr15,GSM2545352,82,Mus musculus,8,Female,InfluenzaA,C57BL/6,4,Cerebellum,21,78004,proline rich 15,ENSMUSG00000045725,E130201N16Rik,6,protein_coding,NA,PRR15,6.3750394313469245
Bst1,GSM2545352,27,Mus musculus,8,Female,InfluenzaA,C57BL/6,4,Cerebellum,21,12182,"bone marrow stromal cell antigen 1, transcript variant X1",ENSMUSG00000029082,114/A10,5,protein_coding,abnormal B cell physiology,BST1,4.807354922057604
Plin4,GSM2545352,1435,Mus musculus,8,Female,InfluenzaA,C57BL/6,4,Cerebellum,21,57435,"perilipin 4, transcript variant X5",ENSMUSG00000002831,S3-12,17,protein_coding,abnormal auditory brainstem response,PLIN4,10.487840033823051
Acr,GSM2545352,68,Mus musculus,8,Female,InfluenzaA,C57BL/6,4,Cerebellum,21,11434,"acrosin prepropeptide, transcript variant X2",ENSMUSG00000022622,preproacrosin,15,protein_coding,delayed fertilization,ACR,6.108524456778169
Gpx3,GSM2545352,491,Mus musculus,8,Female,InfluenzaA,C57BL/6,4,Cerebellum,21,14778,glutathione peroxidase 3,ENSMUSG00000018339,EGPx,11,protein_coding,prenatal lethality prior to heart atrial septation,GPX3,8.94251450533924
Vsx2,GSM2545352,7,Mus musculus,8,Female,InfluenzaA,C57BL/6,4,Cerebellum,21,12677,"visual system homeobox 2, transcript variant 1",ENSMUSG00000021239,Chx10,12,protein_coding,Harderian gland hypertrophy,VSX2,3
Fbln5,GSM2545353,631,Mus musculus,8,Female,NonInfected,C57BL/6,0,Cerebellum,4,23876,fibulin 5,ENSMUSG00000021186,EVEC,12,protein_coding,abnormal aorta elastic fiber morphology,FBLN5,9.303780748177102
Tssk5,GSM2545353,91,Mus musculus,8,Female,NonInfected,C57BL/6,0,Cerebellum,4,73542,testis-specific serine kinase 5,ENSMUSG00000060794,1700091F14Rik,15,protein_coding,decreased leukocyte cell number,NA,6.523561956057013
Pla2g3,GSM2545353,185,Mus musculus,8,Female,NonInfected,C57BL/6,0,Cerebellum,4,237625,"phospholipase A2, group III, transcript variant X2",ENSMUSG00000034579,9130003P18Rik,11,protein_coding,abnormal acrosome morphology,PLA2G3,7.539158811108031
Vmn2r1,GSM2545353,39,Mus musculus,8,Female,NonInfected,C57BL/6,0,Cerebellum,4,56544,"vomeronasal 2, receptor 1, transcript variant X1",ENSMUSG00000027824,EG56544,3,protein_coding,abnormal vomeronasal organ morphology,NA,5.321928094887363
Ncmap,GSM2545353,55,Mus musculus,8,Female,NonInfected,C57BL/6,0,Cerebellum,4,230822,"noncompact myelin associated protein, transcript variant 1",ENSMUSG00000043924,A330049M08Rik,4,protein_coding,NA,NCMAP,5.807354922057604
Sult1a1,GSM2545353,724,Mus musculus,8,Female,NonInfected,C57BL/6,0,Cerebellum,4,20887,"sulfotransferase family 1A, phenol-preferring, member 1, transcript variant X1",ENSMUSG00000030711,PST,7,protein_coding,abnormal blood homeostasis,NA,9.501837184902296
Aipl1,GSM2545353,20,Mus musculus,8,Female,NonInfected,C57BL/6,0,Cerebellum,4,114230,"aryl hydrocarbon receptor-interacting protein-like 1, transcript variant X5",ENSMUSG00000040554,A930007I01Rik,11,protein_coding,abnormal Muller cell morphology,AIPL1,4.392317422778761
Gbp4,GSM2545353,145,Mus musculus,8,Female,NonInfected,C57BL/6,0,Cerebellum,4,17472,"guanylate binding protein 4, transcript variant X6",ENSMUSG00000079363,Mag-2,5,protein_coding,decreased circulating alkaline phosphatase level,GBP6,7.189824558880018
Pla2g4e,GSM2545353,328,Mus musculus,8,Female,NonInfected,C57BL/6,0,Cerebellum,4,329502,"phospholipase A2, group IVE, transcript variant X4",ENSMUSG00000050211,2310026J01Rik,2,protein_coding,abnormal coat appearance,PLA2G4E,8.361943773735241
Chil3,GSM2545353,35,Mus musculus,8,Female,NonInfected,C57BL/6,0,Cerebellum,4,12655,chitinase-like 3,ENSMUSG00000040809,Chi3l3,3,protein_coding,NA,CHIA,5.169925001442312
Gm20751,GSM2545353,115,Mus musculus,8,Female,NonInfected,C57BL/6,0,Cerebellum,4,622552,"predicted gene, 20751",ENSMUSG00000110016,NA,13,lncRNA,NA,NA,6.857980995127572
Cirbp,GSM2545353,2724,Mus musculus,8,Female,NonInfected,C57BL/6,0,Cerebellum,4,12696,"cold inducible RNA binding protein, transcript variant X2",ENSMUSG00000045193,Cirp,10,protein_coding,abnormal cell cycle,CIRBP,11.41204051455165
Slc17a9,GSM2545353,17,Mus musculus,8,Female,NonInfected,C57BL/6,0,Cerebellum,4,228993,"solute carrier family 17, member 9, transcript variant X4",ENSMUSG00000023393,1700019H03Rik,2,protein_coding,abnormal eye morphology,SLC17A9,4.169925001442312
Tac4,GSM2545353,11,Mus musculus,8,Female,NonInfected,C57BL/6,0,Cerebellum,4,93670,tachykinin 4,ENSMUSG00000020872,hemokinin I (HK-1),11,protein_coding,increased pro-B cell number,TAC4,3.584962500721156
Prr15,GSM2545353,30,Mus musculus,8,Female,NonInfected,C57BL/6,0,Cerebellum,4,78004,proline rich 15,ENSMUSG00000045725,E130201N16Rik,6,protein_coding,NA,PRR15,4.954196310386875
Bst1,GSM2545353,11,Mus musculus,8,Female,NonInfected,C57BL/6,0,Cerebellum,4,12182,"bone marrow stromal cell antigen 1, transcript variant X1",ENSMUSG00000029082,114/A10,5,protein_coding,abnormal B cell physiology,BST1,3.584962500721156
Plin4,GSM2545353,786,Mus musculus,8,Female,NonInfected,C57BL/6,0,Cerebellum,4,57435,"perilipin 4, transcript variant X5",ENSMUSG00000002831,S3-12,17,protein_coding,abnormal auditory brainstem response,PLIN4,9.620219825507487
Acr,GSM2545353,54,Mus musculus,8,Female,NonInfected,C57BL/6,0,Cerebellum,4,11434,"acrosin prepropeptide, transcript variant X2",ENSMUSG00000022622,preproacrosin,15,protein_coding,delayed fertilization,ACR,5.78135971352466
Gpx3,GSM2545353,472,Mus musculus,8,Female,NonInfected,C57BL/6,0,Cerebellum,4,14778,glutathione peroxidase 3,ENSMUSG00000018339,EGPx,11,protein_coding,prenatal lethality prior to heart atrial septation,GPX3,8.885696373339394
Vsx2,GSM2545353,2,Mus musculus,8,Female,NonInfected,C57BL/6,0,Cerebellum,4,12677,"visual system homeobox 2, transcript variant 1",ENSMUSG00000021239,Chx10,12,protein_coding,Harderian gland hypertrophy,VSX2,1.584962500721156
Fbln5,GSM2545354,445,Mus musculus,8,Male,NonInfected,C57BL/6,0,Cerebellum,2,23876,fibulin 5,ENSMUSG00000021186,EVEC,12,protein_coding,abnormal aorta elastic fiber morphology,FBLN5,8.800899899920305
Tssk5,GSM2545354,70,Mus musculus,8,Male,NonInfected,C57BL/6,0,Cerebellum,2,73542,testis-specific serine kinase 5,ENSMUSG00000060794,1700091F14Rik,15,protein_coding,decreased leukocyte cell number,NA,6.149747119504682
Pla2g3,GSM2545354,164,Mus musculus,8,Male,NonInfected,C57BL/6,0,Cerebellum,2,237625,"phospholipase A2, group III, transcript variant X2",ENSMUSG00000034579,9130003P18Rik,11,protein_coding,abnormal acrosome morphology,PLA2G3,7.366322214245816
Vmn2r1,GSM2545354,21,Mus musculus,8,Male,NonInfected,C57BL/6,0,Cerebellum,2,56544,"vomeronasal 2, receptor 1, transcript variant X1",ENSMUSG00000027824,EG56544,3,protein_coding,abnormal vomeronasal organ morphology,NA,4.459431618637297
Ncmap,GSM2545354,37,Mus musculus,8,Male,NonInfected,C57BL/6,0,Cerebellum,2,230822,"noncompact myelin associated protein, transcript variant 1",ENSMUSG00000043924,A330049M08Rik,4,protein_coding,NA,NCMAP,5.247927513443585
Sult1a1,GSM2545354,521,Mus musculus,8,Male,NonInfected,C57BL/6,0,Cerebellum,2,20887,"sulfotransferase family 1A, phenol-preferring, member 1, transcript variant X1",ENSMUSG00000030711,PST,7,protein_coding,abnormal blood homeostasis,NA,9.027905996569885
Aipl1,GSM2545354,12,Mus musculus,8,Male,NonInfected,C57BL/6,0,Cerebellum,2,114230,"aryl hydrocarbon receptor-interacting protein-like 1, transcript variant X5",ENSMUSG00000040554,A930007I01Rik,11,protein_coding,abnormal Muller cell morphology,AIPL1,3.700439718141092
Gbp4,GSM2545354,72,Mus musculus,8,Male,NonInfected,C57BL/6,0,Cerebellum,2,17472,"guanylate binding protein 4, transcript variant X6",ENSMUSG00000079363,Mag-2,5,protein_coding,decreased circulating alkaline phosphatase level,GBP6,6.189824558880018
Pla2g4e,GSM2545354,275,Mus musculus,8,Male,NonInfected,C57BL/6,0,Cerebellum,2,329502,"phospholipase A2, group IVE, transcript variant X4",ENSMUSG00000050211,2310026J01Rik,2,protein_coding,abnormal coat appearance,PLA2G4E,8.108524456778168
Chil3,GSM2545354,26,Mus musculus,8,Male,NonInfected,C57BL/6,0,Cerebellum,2,12655,chitinase-like 3,ENSMUSG00000040809,Chi3l3,3,protein_coding,NA,CHIA,4.754887502163468
Gm20751,GSM2545354,83,Mus musculus,8,Male,NonInfected,C57BL/6,0,Cerebellum,2,622552,"predicted gene, 20751",ENSMUSG00000110016,NA,13,lncRNA,NA,NA,6.392317422778761
Cirbp,GSM2545354,1993,Mus musculus,8,Male,NonInfected,C57BL/6,0,Cerebellum,2,12696,"cold inducible RNA binding protein, transcript variant X2",ENSMUSG00000045193,Cirp,10,protein_coding,abnormal cell cycle,CIRBP,10.961449694398196
Slc17a9,GSM2545354,20,Mus musculus,8,Male,NonInfected,C57BL/6,0,Cerebellum,2,228993,"solute carrier family 17, member 9, transcript variant X4",ENSMUSG00000023393,1700019H03Rik,2,protein_coding,abnormal eye morphology,SLC17A9,4.392317422778761
Tac4,GSM2545354,11,Mus musculus,8,Male,NonInfected,C57BL/6,0,Cerebellum,2,93670,tachykinin 4,ENSMUSG00000020872,hemokinin I (HK-1),11,protein_coding,increased pro-B cell number,TAC4,3.584962500721156
Prr15,GSM2545354,30,Mus musculus,8,Male,NonInfected,C57BL/6,0,Cerebellum,2,78004,proline rich 15,ENSMUSG00000045725,E130201N16Rik,6,protein_coding,NA,PRR15,4.954196310386875
Bst1,GSM2545354,8,Mus musculus,8,Male,NonInfected,C57BL/6,0,Cerebellum,2,12182,"bone marrow stromal cell antigen 1, transcript variant X1",ENSMUSG00000029082,114/A10,5,protein_coding,abnormal B cell physiology,BST1,3.169925001442312
Plin4,GSM2545354,553,Mus musculus,8,Male,NonInfected,C57BL/6,0,Cerebellum,2,57435,"perilipin 4, transcript variant X5",ENSMUSG00000002831,S3-12,17,protein_coding,abnormal auditory brainstem response,PLIN4,9.113742166049189
Acr,GSM2545354,28,Mus musculus,8,Male,NonInfected,C57BL/6,0,Cerebellum,2,11434,"acrosin prepropeptide, transcript variant X2",ENSMUSG00000022622,preproacrosin,15,protein_coding,delayed fertilization,ACR,4.857980995127572
Gpx3,GSM2545354,345,Mus musculus,8,Male,NonInfected,C57BL/6,0,Cerebellum,2,14778,glutathione peroxidase 3,ENSMUSG00000018339,EGPx,11,protein_coding,prenatal lethality prior to heart atrial septation,GPX3,8.434628227636725
Vsx2,GSM2545354,4,Mus musculus,8,Male,NonInfected,C57BL/6,0,Cerebellum,2,12677,"visual system homeobox 2, transcript variant 1",ENSMUSG00000021239,Chx10,12,protein_coding,Harderian gland hypertrophy,VSX2,2.321928094887362
Fbln5,GSM2545362,728,Mus musculus,8,Female,InfluenzaA,C57BL/6,4,Cerebellum,20,23876,fibulin 5,ENSMUSG00000021186,EVEC,12,protein_coding,abnormal aorta elastic fiber morphology,FBLN5,9.509775004326936
Tssk5,GSM2545362,200,Mus musculus,8,Female,InfluenzaA,C57BL/6,4,Cerebellum,20,73542,testis-specific serine kinase 5,ENSMUSG00000060794,1700091F14Rik,15,protein_coding,decreased leukocyte cell number,NA,7.651051691178929
Pla2g3,GSM2545362,266,Mus musculus,8,Female,InfluenzaA,C57BL/6,4,Cerebellum,20,237625,"phospholipase A2, group III, transcript variant X2",ENSMUSG00000034579,9130003P18Rik,11,protein_coding,abnormal acrosome morphology,PLA2G3,8.060695931687555
Vmn2r1,GSM2545362,62,Mus musculus,8,Female,InfluenzaA,C57BL/6,4,Cerebellum,20,56544,"vomeronasal 2, receptor 1, transcript variant X1",ENSMUSG00000027824,EG56544,3,protein_coding,abnormal vomeronasal organ morphology,NA,5.977279923499917
Ncmap,GSM2545362,95,Mus musculus,8,Female,InfluenzaA,C57BL/6,4,Cerebellum,20,230822,"noncompact myelin associated protein, transcript variant 1",ENSMUSG00000043924,A330049M08Rik,4,protein_coding,NA,NCMAP,6.584962500721156
Sult1a1,GSM2545362,770,Mus musculus,8,Female,InfluenzaA,C57BL/6,4,Cerebellum,20,20887,"sulfotransferase family 1A, phenol-preferring, member 1, transcript variant X1",ENSMUSG00000030711,PST,7,protein_coding,abnormal blood homeostasis,NA,9.590587049915035
Aipl1,GSM2545362,39,Mus musculus,8,Female,InfluenzaA,C57BL/6,4,Cerebellum,20,114230,"aryl hydrocarbon receptor-interacting protein-like 1, transcript variant X5",ENSMUSG00000040554,A930007I01Rik,11,protein_coding,abnormal Muller cell morphology,AIPL1,5.321928094887363
Gbp4,GSM2545362,147,Mus musculus,8,Female,InfluenzaA,C57BL/6,4,Cerebellum,20,17472,"guanylate binding protein 4, transcript variant X6",ENSMUSG00000079363,Mag-2,5,protein_coding,decreased circulating alkaline phosphatase level,GBP6,7.20945336562895
Pla2g4e,GSM2545362,683,Mus musculus,8,Female,InfluenzaA,C57BL/6,4,Cerebellum,20,329502,"phospholipase A2, group IVE, transcript variant X4",ENSMUSG00000050211,2310026J01Rik,2,protein_coding,abnormal coat appearance,PLA2G4E,9.417852514885897
Chil3,GSM2545362,59,Mus musculus,8,Female,InfluenzaA,C57BL/6,4,Cerebellum,20,12655,chitinase-like 3,ENSMUSG00000040809,Chi3l3,3,protein_coding,NA,CHIA,5.906890595608519
Gm20751,GSM2545362,166,Mus musculus,8,Female,InfluenzaA,C57BL/6,4,Cerebellum,20,622552,"predicted gene, 20751",ENSMUSG00000110016,NA,13,lncRNA,NA,NA,7.383704292474052
Cirbp,GSM2545362,4968,Mus musculus,8,Female,InfluenzaA,C57BL/6,4,Cerebellum,20,12696,"cold inducible RNA binding protein, transcript variant X2",ENSMUSG00000045193,Cirp,10,protein_coding,abnormal cell cycle,CIRBP,12.27873982655011
Slc17a9,GSM2545362,48,Mus musculus,8,Female,InfluenzaA,C57BL/6,4,Cerebellum,20,228993,"solute carrier family 17, member 9, transcript variant X4",ENSMUSG00000023393,1700019H03Rik,2,protein_coding,abnormal eye morphology,SLC17A9,5.614709844115208
Tac4,GSM2545362,16,Mus musculus,8,Female,InfluenzaA,C57BL/6,4,Cerebellum,20,93670,tachykinin 4,ENSMUSG00000020872,hemokinin I (HK-1),11,protein_coding,increased pro-B cell number,TAC4,4.087462841250339
Prr15,GSM2545362,83,Mus musculus,8,Female,InfluenzaA,C57BL/6,4,Cerebellum,20,78004,proline rich 15,ENSMUSG00000045725,E130201N16Rik,6,protein_coding,NA,PRR15,6.392317422778761
Bst1,GSM2545362,14,Mus musculus,8,Female,InfluenzaA,C57BL/6,4,Cerebellum,20,12182,"bone marrow stromal cell antigen 1, transcript variant X1",ENSMUSG00000029082,114/A10,5,protein_coding,abnormal B cell physiology,BST1,3.9068905956085187
Plin4,GSM2545362,1162,Mus musculus,8,Female,InfluenzaA,C57BL/6,4,Cerebellum,20,57435,"perilipin 4, transcript variant X5",ENSMUSG00000002831,S3-12,17,protein_coding,abnormal auditory brainstem response,PLIN4,10.183635381473218
Acr,GSM2545362,147,Mus musculus,8,Female,InfluenzaA,C57BL/6,4,Cerebellum,20,11434,"acrosin prepropeptide, transcript variant X2",ENSMUSG00000022622,preproacrosin,15,protein_coding,delayed fertilization,ACR,7.20945336562895
Gpx3,GSM2545362,951,Mus musculus,8,Female,InfluenzaA,C57BL/6,4,Cerebellum,20,14778,glutathione peroxidase 3,ENSMUSG00000018339,EGPx,11,protein_coding,prenatal lethality prior to heart atrial septation,GPX3,9.894817763307943
Vsx2,GSM2545362,24,Mus musculus,8,Female,InfluenzaA,C57BL/6,4,Cerebellum,20,12677,"visual system homeobox 2, transcript variant 1",ENSMUSG00000021239,Chx10,12,protein_coding,Harderian gland hypertrophy,VSX2,4.643856189774724
Fbln5,GSM2545363,341,Mus musculus,8,Male,InfluenzaA,C57BL/6,4,Cerebellum,12,23876,fibulin 5,ENSMUSG00000021186,EVEC,12,protein_coding,abnormal aorta elastic fiber morphology,FBLN5,8.417852514885897
Tssk5,GSM2545363,143,Mus musculus,8,Male,InfluenzaA,C57BL/6,4,Cerebellum,12,73542,testis-specific serine kinase 5,ENSMUSG00000060794,1700091F14Rik,15,protein_coding,decreased leukocyte cell number,NA,7.169925001442312
Pla2g3,GSM2545363,163,Mus musculus,8,Male,InfluenzaA,C57BL/6,4,Cerebellum,12,237625,"phospholipase A2, group III, transcript variant X2",ENSMUSG00000034579,9130003P18Rik,11,protein_coding,abnormal acrosome morphology,PLA2G3,7.357552004618084
Vmn2r1,GSM2545363,38,Mus musculus,8,Male,InfluenzaA,C57BL/6,4,Cerebellum,12,56544,"vomeronasal 2, receptor 1, transcript variant X1",ENSMUSG00000027824,EG56544,3,protein_coding,abnormal vomeronasal organ morphology,NA,5.285402218862249
Ncmap,GSM2545363,53,Mus musculus,8,Male,InfluenzaA,C57BL/6,4,Cerebellum,12,230822,"noncompact myelin associated protein, transcript variant 1",ENSMUSG00000043924,A330049M08Rik,4,protein_coding,NA,NCMAP,5.754887502163468
Sult1a1,GSM2545363,479,Mus musculus,8,Male,InfluenzaA,C57BL/6,4,Cerebellum,12,20887,"sulfotransferase family 1A, phenol-preferring, member 1, transcript variant X1",ENSMUSG00000030711,PST,7,protein_coding,abnormal blood homeostasis,NA,8.906890595608518
Aipl1,GSM2545363,17,Mus musculus,8,Male,InfluenzaA,C57BL/6,4,Cerebellum,12,114230,"aryl hydrocarbon receptor-interacting protein-like 1, transcript variant X5",ENSMUSG00000040554,A930007I01Rik,11,protein_coding,abnormal Muller cell morphology,AIPL1,4.169925001442312
Gbp4,GSM2545363,121,Mus musculus,8,Male,InfluenzaA,C57BL/6,4,Cerebellum,12,17472,"guanylate binding protein 4, transcript variant X6",ENSMUSG00000079363,Mag-2,5,protein_coding,decreased circulating alkaline phosphatase level,GBP6,6.930737337562887
Pla2g4e,GSM2545363,290,Mus musculus,8,Male,InfluenzaA,C57BL/6,4,Cerebellum,12,329502,"phospholipase A2, group IVE, transcript variant X4",ENSMUSG00000050211,2310026J01Rik,2,protein_coding,abnormal coat appearance,PLA2G4E,8.184875342908283
Chil3,GSM2545363,18,Mus musculus,8,Male,InfluenzaA,C57BL/6,4,Cerebellum,12,12655,chitinase-like 3,ENSMUSG00000040809,Chi3l3,3,protein_coding,NA,CHIA,4.247927513443585
Gm20751,GSM2545363,100,Mus musculus,8,Male,InfluenzaA,C57BL/6,4,Cerebellum,12,622552,"predicted gene, 20751",ENSMUSG00000110016,NA,13,lncRNA,NA,NA,6.658211482751795
Cirbp,GSM2545363,2789,Mus musculus,8,Male,InfluenzaA,C57BL/6,4,Cerebellum,12,12696,"cold inducible RNA binding protein, transcript variant X2",ENSMUSG00000045193,Cirp,10,protein_coding,abnormal cell cycle,CIRBP,11.44604940671655
Slc17a9,GSM2545363,33,Mus musculus,8,Male,InfluenzaA,C57BL/6,4,Cerebellum,12,228993,"solute carrier family 17, member 9, transcript variant X4",ENSMUSG00000023393,1700019H03Rik,2,protein_coding,abnormal eye morphology,SLC17A9,5.087462841250339
Tac4,GSM2545363,20,Mus musculus,8,Male,InfluenzaA,C57BL/6,4,Cerebellum,12,93670,tachykinin 4,ENSMUSG00000020872,hemokinin I (HK-1),11,protein_coding,increased pro-B cell number,TAC4,4.392317422778761
Prr15,GSM2545363,30,Mus musculus,8,Male,InfluenzaA,C57BL/6,4,Cerebellum,12,78004,proline rich 15,ENSMUSG00000045725,E130201N16Rik,6,protein_coding,NA,PRR15,4.954196310386875
Bst1,GSM2545363,4,Mus musculus,8,Male,InfluenzaA,C57BL/6,4,Cerebellum,12,12182,"bone marrow stromal cell antigen 1, transcript variant X1",ENSMUSG00000029082,114/A10,5,protein_coding,abnormal B cell physiology,BST1,2.321928094887362
Plin4,GSM2545363,740,Mus musculus,8,Male,InfluenzaA,C57BL/6,4,Cerebellum,12,57435,"perilipin 4, transcript variant X5",ENSMUSG00000002831,S3-12,17,protein_coding,abnormal auditory brainstem response,PLIN4,9.533329732305834
Acr,GSM2545363,54,Mus musculus,8,Male,InfluenzaA,C57BL/6,4,Cerebellum,12,11434,"acrosin prepropeptide, transcript variant X2",ENSMUSG00000022622,preproacrosin,15,protein_coding,delayed fertilization,ACR,5.78135971352466
Gpx3,GSM2545363,143,Mus musculus,8,Male,InfluenzaA,C57BL/6,4,Cerebellum,12,14778,glutathione peroxidase 3,ENSMUSG00000018339,EGPx,11,protein_coding,prenatal lethality prior to heart atrial septation,GPX3,7.169925001442312
Vsx2,GSM2545363,1,Mus musculus,8,Male,InfluenzaA,C57BL/6,4,Cerebellum,12,12677,"visual system homeobox 2, transcript variant 1",ENSMUSG00000021239,Chx10,12,protein_coding,Harderian gland hypertrophy,VSX2,1
Fbln5,GSM2545380,1532,Mus musculus,8,Female,InfluenzaA,C57BL/6,8,Cerebellum,19,23876,fibulin 5,ENSMUSG00000021186,EVEC,12,protein_coding,abnormal aorta elastic fiber morphology,FBLN5,10.582141981658777
Tssk5,GSM2545380,402,Mus musculus,8,Female,InfluenzaA,C57BL/6,8,Cerebellum,19,73542,testis-specific serine kinase 5,ENSMUSG00000060794,1700091F14Rik,15,protein_coding,decreased leukocyte cell number,NA,8.654636028527968
Pla2g3,GSM2545380,464,Mus musculus,8,Female,InfluenzaA,C57BL/6,8,Cerebellum,19,237625,"phospholipase A2, group III, transcript variant X2",ENSMUSG00000034579,9130003P18Rik,11,protein_coding,abnormal acrosome morphology,PLA2G3,8.861086905995395
Vmn2r1,GSM2545380,100,Mus musculus,8,Female,InfluenzaA,C57BL/6,8,Cerebellum,19,56544,"vomeronasal 2, receptor 1, transcript variant X1",ENSMUSG00000027824,EG56544,3,protein_coding,abnormal vomeronasal organ morphology,NA,6.658211482751795
Ncmap,GSM2545380,149,Mus musculus,8,Female,InfluenzaA,C57BL/6,8,Cerebellum,19,230822,"noncompact myelin associated protein, transcript variant 1",ENSMUSG00000043924,A330049M08Rik,4,protein_coding,NA,NCMAP,7.22881869049588
Sult1a1,GSM2545380,1813,Mus musculus,8,Female,InfluenzaA,C57BL/6,8,Cerebellum,19,20887,"sulfotransferase family 1A, phenol-preferring, member 1, transcript variant X1",ENSMUSG00000030711,PST,7,protein_coding,abnormal blood homeostasis,NA,10.824958740528523
Aipl1,GSM2545380,98,Mus musculus,8,Female,InfluenzaA,C57BL/6,8,Cerebellum,19,114230,"aryl hydrocarbon receptor-interacting protein-like 1, transcript variant X5",ENSMUSG00000040554,A930007I01Rik,11,protein_coding,abnormal Muller cell morphology,AIPL1,6.6293566200796095
Gbp4,GSM2545380,325,Mus musculus,8,Female,InfluenzaA,C57BL/6,8,Cerebellum,19,17472,"guanylate binding protein 4, transcript variant X6",ENSMUSG00000079363,Mag-2,5,protein_coding,decreased circulating alkaline phosphatase level,GBP6,8.348728154231077
Pla2g4e,GSM2545380,983,Mus musculus,8,Female,InfluenzaA,C57BL/6,8,Cerebellum,19,329502,"phospholipase A2, group IVE, transcript variant X4",ENSMUSG00000050211,2310026J01Rik,2,protein_coding,abnormal coat appearance,PLA2G4E,9.94251450533924
Chil3,GSM2545380,184,Mus musculus,8,Female,InfluenzaA,C57BL/6,8,Cerebellum,19,12655,chitinase-like 3,ENSMUSG00000040809,Chi3l3,3,protein_coding,NA,CHIA,7.531381460516312
Gm20751,GSM2545380,225,Mus musculus,8,Female,InfluenzaA,C57BL/6,8,Cerebellum,19,622552,"predicted gene, 20751",ENSMUSG00000110016,NA,13,lncRNA,NA,NA,7.820178962415188
Cirbp,GSM2545380,7415,Mus musculus,8,Female,InfluenzaA,C57BL/6,8,Cerebellum,19,12696,"cold inducible RNA binding protein, transcript variant X2",ENSMUSG00000045193,Cirp,10,protein_coding,abnormal cell cycle,CIRBP,12.85642552862553
Slc17a9,GSM2545380,95,Mus musculus,8,Female,InfluenzaA,C57BL/6,8,Cerebellum,19,228993,"solute carrier family 17, member 9, transcript variant X4",ENSMUSG00000023393,1700019H03Rik,2,protein_coding,abnormal eye morphology,SLC17A9,6.584962500721156
Tac4,GSM2545380,47,Mus musculus,8,Female,InfluenzaA,C57BL/6,8,Cerebellum,19,93670,tachykinin 4,ENSMUSG00000020872,hemokinin I (HK-1),11,protein_coding,increased pro-B cell number,TAC4,5.584962500721156
Prr15,GSM2545380,114,Mus musculus,8,Female,InfluenzaA,C57BL/6,8,Cerebellum,19,78004,proline rich 15,ENSMUSG00000045725,E130201N16Rik,6,protein_coding,NA,PRR15,6.845490050944375
Bst1,GSM2545380,45,Mus musculus,8,Female,InfluenzaA,C57BL/6,8,Cerebellum,19,12182,"bone marrow stromal cell antigen 1, transcript variant X1",ENSMUSG00000029082,114/A10,5,protein_coding,abnormal B cell physiology,BST1,5.523561956057013
Plin4,GSM2545380,2045,Mus musculus,8,Female,InfluenzaA,C57BL/6,8,Cerebellum,19,57435,"perilipin 4, transcript variant X5",ENSMUSG00000002831,S3-12,17,protein_coding,abnormal auditory brainstem response,PLIN4,10.99859042974533
Acr,GSM2545380,177,Mus musculus,8,Female,InfluenzaA,C57BL/6,8,Cerebellum,19,11434,"acrosin prepropeptide, transcript variant X2",ENSMUSG00000022622,preproacrosin,15,protein_coding,delayed fertilization,ACR,7.475733430966398
Gpx3,GSM2545380,1146,Mus musculus,8,Female,InfluenzaA,C57BL/6,8,Cerebellum,19,14778,glutathione peroxidase 3,ENSMUSG00000018339,EGPx,11,protein_coding,prenatal lethality prior to heart atrial septation,GPX3,10.163649676015824
Vsx2,GSM2545380,3,Mus musculus,8,Female,InfluenzaA,C57BL/6,8,Cerebellum,19,12677,"visual system homeobox 2, transcript variant 1",ENSMUSG00000021239,Chx10,12,protein_coding,Harderian gland hypertrophy,VSX2,2
